<?xml version="1.0" encoding="UTF-8"?>
<export version="D">
  <design>
    <source>/home/john/Dropbox/Personal/a1rstudios/projects/Hardware/ledwatch/KiCad/ledwatch.sch</source>
    <date>jeu. 13 oct. 2016 18:20:29 CEST</date>
    <tool>Eeschema 4.0.4+e1-6308~48~ubuntu16.04.1-stable</tool>
    <sheet number="1" name="/" tstamps="/">
      <title_block>
        <title>Binary LED Watch</title>
        <company>RICO Jonathan</company>
        <rev/>
        <date/>
        <source>ledwatch.sch</source>
        <comment number="1" value=""/>
        <comment number="2" value=""/>
        <comment number="3" value=""/>
        <comment number="4" value=""/>
      </title_block>
    </sheet>
  </design>
  <components>
    <comp ref="U3">
      <value>msp430f5247</value>
      <footprint>fge-lib:S-PVQFN-N64</footprint>
      <libsource lib="KiCad-FGE-lib" part="msp430f5247"/>
      <sheetpath names="/" tstamps="/"/>
      <tstamp>57F7656B</tstamp>
    </comp>
    <comp ref="P2">
      <value>BATT</value>
      <footprint>Pin_Headers:Pin_Header_Straight_1x02</footprint>
      <libsource lib="conn" part="CONN_01X02"/>
      <sheetpath names="/" tstamps="/"/>
      <tstamp>57FB66DB</tstamp>
    </comp>
    <comp ref="U2">
      <value>MCP73811</value>
      <footprint>fge-lib:SOT-23-5</footprint>
      <libsource lib="KiCad-FGE-lib" part="MCP73811"/>
      <sheetpath names="/" tstamps="/"/>
      <tstamp>57FB6775</tstamp>
    </comp>
    <comp ref="U1">
      <value>USB-MICRO-AB</value>
      <footprint>fge-lib:USB_MICRO_B</footprint>
      <libsource lib="KiCad-FGE-lib" part="USB-MICRO-AB"/>
      <sheetpath names="/" tstamps="/"/>
      <tstamp>57FB68BE</tstamp>
    </comp>
    <comp ref="R7">
      <value>20k</value>
      <footprint>Resistors_SMD:R_0603</footprint>
      <libsource lib="device" part="R"/>
      <sheetpath names="/" tstamps="/"/>
      <tstamp>57FB7188</tstamp>
    </comp>
    <comp ref="U4">
      <value>TPS62742</value>
      <footprint>fge-lib:R-PWSON-N12</footprint>
      <libsource lib="KiCad-FGE-lib" part="TPS62742"/>
      <sheetpath names="/" tstamps="/"/>
      <tstamp>57FB74A8</tstamp>
    </comp>
    <comp ref="L1">
      <value>2.2uH</value>
      <footprint>Capacitors_SMD:C_0805_HandSoldering</footprint>
      <libsource lib="device" part="INDUCTOR"/>
      <sheetpath names="/" tstamps="/"/>
      <tstamp>57FB7EF5</tstamp>
    </comp>
    <comp ref="C8">
      <value>10uF</value>
      <footprint>Capacitors_SMD:C_0603</footprint>
      <libsource lib="device" part="C"/>
      <sheetpath names="/" tstamps="/"/>
      <tstamp>57FB7FA5</tstamp>
    </comp>
    <comp ref="C4">
      <value>10uF</value>
      <footprint>Capacitors_SMD:C_0603</footprint>
      <libsource lib="device" part="C"/>
      <sheetpath names="/" tstamps="/"/>
      <tstamp>57FB803A</tstamp>
    </comp>
    <comp ref="U5">
      <value>nRF24L01p</value>
      <footprint>fge-lib:QFN-20-1EP_4x4mm_Pitch0.5mm</footprint>
      <libsource lib="KiCad-FGE-lib" part="nRF24L01p"/>
      <sheetpath names="/" tstamps="/"/>
      <tstamp>57FB894D</tstamp>
    </comp>
    <comp ref="C18">
      <value>33nF</value>
      <footprint>Capacitors_SMD:C_0402</footprint>
      <libsource lib="device" part="C"/>
      <sheetpath names="/" tstamps="/"/>
      <tstamp>57FB8F39</tstamp>
    </comp>
    <comp ref="C19">
      <value>10nF</value>
      <footprint>Capacitors_SMD:C_0402</footprint>
      <libsource lib="device" part="C"/>
      <sheetpath names="/" tstamps="/"/>
      <tstamp>57FB91BB</tstamp>
    </comp>
    <comp ref="C21">
      <value>1nF</value>
      <footprint>Capacitors_SMD:C_0402</footprint>
      <libsource lib="device" part="C"/>
      <sheetpath names="/" tstamps="/"/>
      <tstamp>57FB91F2</tstamp>
    </comp>
    <comp ref="R36">
      <value>22k</value>
      <footprint>Resistors_SMD:R_0402</footprint>
      <libsource lib="device" part="R"/>
      <sheetpath names="/" tstamps="/"/>
      <tstamp>57FB943C</tstamp>
    </comp>
    <comp ref="X2">
      <value>Xtal-m445</value>
      <footprint>fge-lib:m445xtal</footprint>
      <libsource lib="KiCad-FGE-lib" part="Xtal-m445"/>
      <sheetpath names="/" tstamps="/"/>
      <tstamp>57FB99D2</tstamp>
    </comp>
    <comp ref="R8">
      <value>1M</value>
      <footprint>Resistors_SMD:R_0603</footprint>
      <libsource lib="device" part="R"/>
      <sheetpath names="/" tstamps="/"/>
      <tstamp>57FB9D19</tstamp>
    </comp>
    <comp ref="C11">
      <value>22pF</value>
      <footprint>Capacitors_SMD:C_0603</footprint>
      <libsource lib="device" part="C"/>
      <sheetpath names="/" tstamps="/"/>
      <tstamp>57FB9D58</tstamp>
    </comp>
    <comp ref="C17">
      <value>22pF</value>
      <footprint>Capacitors_SMD:C_0603</footprint>
      <libsource lib="device" part="C"/>
      <sheetpath names="/" tstamps="/"/>
      <tstamp>57FB9D99</tstamp>
    </comp>
    <comp ref="L4">
      <value>2.7nH</value>
      <footprint>Capacitors_SMD:C_0402</footprint>
      <libsource lib="device" part="L_Small"/>
      <sheetpath names="/" tstamps="/"/>
      <tstamp>57FBB121</tstamp>
    </comp>
    <comp ref="C24">
      <value>4.7pF</value>
      <footprint>Capacitors_SMD:C_0402</footprint>
      <libsource lib="device" part="C"/>
      <sheetpath names="/" tstamps="/"/>
      <tstamp>57FBB251</tstamp>
    </comp>
    <comp ref="C22">
      <value>2.2nF</value>
      <footprint>Capacitors_SMD:C_0402</footprint>
      <libsource lib="device" part="C"/>
      <sheetpath names="/" tstamps="/"/>
      <tstamp>57FBB298</tstamp>
    </comp>
    <comp ref="L3">
      <value>8.2nH</value>
      <footprint>Capacitors_SMD:C_0402</footprint>
      <libsource lib="device" part="L_Small"/>
      <sheetpath names="/" tstamps="/"/>
      <tstamp>57FBB59B</tstamp>
    </comp>
    <comp ref="L2">
      <value>3.9nH</value>
      <footprint>Capacitors_SMD:C_0402</footprint>
      <libsource lib="device" part="L_Small"/>
      <sheetpath names="/" tstamps="/"/>
      <tstamp>57FBBA6B</tstamp>
    </comp>
    <comp ref="C20">
      <value>1.5pF</value>
      <footprint>Capacitors_SMD:C_0402</footprint>
      <libsource lib="device" part="C"/>
      <sheetpath names="/" tstamps="/"/>
      <tstamp>57FBBAB2</tstamp>
    </comp>
    <comp ref="C23">
      <value>1pF</value>
      <footprint>Capacitors_SMD:C_0402</footprint>
      <libsource lib="device" part="C"/>
      <sheetpath names="/" tstamps="/"/>
      <tstamp>57FBC0B5</tstamp>
    </comp>
    <comp ref="U7">
      <value>antenna</value>
      <footprint>fge-lib:2450AT18A100</footprint>
      <libsource lib="KiCad-FGE-lib" part="antenna"/>
      <sheetpath names="/" tstamps="/"/>
      <tstamp>57FBC2E5</tstamp>
    </comp>
    <comp ref="U6">
      <value>LIS3DH</value>
      <footprint>fge-lib:LGA-16</footprint>
      <libsource lib="KiCad-FGE-lib" part="LIS3DH"/>
      <sheetpath names="/" tstamps="/"/>
      <tstamp>57FBF006</tstamp>
    </comp>
    <comp ref="C16">
      <value>100nF</value>
      <footprint>Capacitors_SMD:C_0603</footprint>
      <libsource lib="device" part="C"/>
      <sheetpath names="/" tstamps="/"/>
      <tstamp>57FBFC29</tstamp>
    </comp>
    <comp ref="C12">
      <value>10uF</value>
      <footprint>Capacitors_SMD:C_0603</footprint>
      <libsource lib="device" part="C"/>
      <sheetpath names="/" tstamps="/"/>
      <tstamp>57FBFEBD</tstamp>
    </comp>
    <comp ref="P5">
      <value>adc</value>
      <footprint>Pin_Headers:Pin_Header_Straight_1x01</footprint>
      <libsource lib="conn" part="CONN_01X01"/>
      <sheetpath names="/" tstamps="/"/>
      <tstamp>57FC0B2A</tstamp>
    </comp>
    <comp ref="R37">
      <value>4.7k</value>
      <footprint>Resistors_SMD:R_0603</footprint>
      <libsource lib="device" part="R"/>
      <sheetpath names="/" tstamps="/"/>
      <tstamp>57FC144C</tstamp>
    </comp>
    <comp ref="R38">
      <value>4.7k</value>
      <footprint>Resistors_SMD:R_0603</footprint>
      <libsource lib="device" part="R"/>
      <sheetpath names="/" tstamps="/"/>
      <tstamp>57FC14A1</tstamp>
    </comp>
    <comp ref="D1">
      <value>Led_Small</value>
      <footprint>fge-lib:DDG-CJS-QR2-1</footprint>
      <libsource lib="device" part="Led_Small"/>
      <sheetpath names="/" tstamps="/"/>
      <tstamp>57FC5C81</tstamp>
    </comp>
    <comp ref="R12">
      <value>10</value>
      <footprint>Resistors_SMD:R_0603</footprint>
      <libsource lib="device" part="R"/>
      <sheetpath names="/" tstamps="/"/>
      <tstamp>57FC6419</tstamp>
    </comp>
    <comp ref="D4">
      <value>Led_Small</value>
      <footprint>fge-lib:DDG-CJS-QR2-1</footprint>
      <libsource lib="device" part="Led_Small"/>
      <sheetpath names="/" tstamps="/"/>
      <tstamp>57FC6AE7</tstamp>
    </comp>
    <comp ref="D7">
      <value>Led_Small</value>
      <footprint>fge-lib:DDG-CJS-QR2-1</footprint>
      <libsource lib="device" part="Led_Small"/>
      <sheetpath names="/" tstamps="/"/>
      <tstamp>57FC6B62</tstamp>
    </comp>
    <comp ref="D10">
      <value>Led_Small</value>
      <footprint>fge-lib:DDG-CJS-QR2-1</footprint>
      <libsource lib="device" part="Led_Small"/>
      <sheetpath names="/" tstamps="/"/>
      <tstamp>57FC6BE4</tstamp>
    </comp>
    <comp ref="D13">
      <value>Led_Small</value>
      <footprint>fge-lib:DDG-CJS-QR2-1</footprint>
      <libsource lib="device" part="Led_Small"/>
      <sheetpath names="/" tstamps="/"/>
      <tstamp>57FC6C65</tstamp>
    </comp>
    <comp ref="D16">
      <value>Led_Small</value>
      <footprint>fge-lib:DDG-CJS-QR2-1</footprint>
      <libsource lib="device" part="Led_Small"/>
      <sheetpath names="/" tstamps="/"/>
      <tstamp>57FC6CF1</tstamp>
    </comp>
    <comp ref="D19">
      <value>Led_Small</value>
      <footprint>fge-lib:DDG-CJS-QR2-1</footprint>
      <libsource lib="device" part="Led_Small"/>
      <sheetpath names="/" tstamps="/"/>
      <tstamp>57FC6D78</tstamp>
    </comp>
    <comp ref="D22">
      <value>Led_Small</value>
      <footprint>fge-lib:DDG-CJS-QR2-1</footprint>
      <libsource lib="device" part="Led_Small"/>
      <sheetpath names="/" tstamps="/"/>
      <tstamp>57FC6E02</tstamp>
    </comp>
    <comp ref="R15">
      <value>10</value>
      <footprint>Resistors_SMD:R_0603</footprint>
      <libsource lib="device" part="R"/>
      <sheetpath names="/" tstamps="/"/>
      <tstamp>57FC6EB8</tstamp>
    </comp>
    <comp ref="R18">
      <value>10</value>
      <footprint>Resistors_SMD:R_0603</footprint>
      <libsource lib="device" part="R"/>
      <sheetpath names="/" tstamps="/"/>
      <tstamp>57FC6F48</tstamp>
    </comp>
    <comp ref="R21">
      <value>10</value>
      <footprint>Resistors_SMD:R_0603</footprint>
      <libsource lib="device" part="R"/>
      <sheetpath names="/" tstamps="/"/>
      <tstamp>57FC6FDB</tstamp>
    </comp>
    <comp ref="R24">
      <value>10</value>
      <footprint>Resistors_SMD:R_0603</footprint>
      <libsource lib="device" part="R"/>
      <sheetpath names="/" tstamps="/"/>
      <tstamp>57FC7071</tstamp>
    </comp>
    <comp ref="R27">
      <value>10</value>
      <footprint>Resistors_SMD:R_0603</footprint>
      <libsource lib="device" part="R"/>
      <sheetpath names="/" tstamps="/"/>
      <tstamp>57FC710E</tstamp>
    </comp>
    <comp ref="R30">
      <value>10</value>
      <footprint>Resistors_SMD:R_0603</footprint>
      <libsource lib="device" part="R"/>
      <sheetpath names="/" tstamps="/"/>
      <tstamp>57FC71AA</tstamp>
    </comp>
    <comp ref="R33">
      <value>10</value>
      <footprint>Resistors_SMD:R_0603</footprint>
      <libsource lib="device" part="R"/>
      <sheetpath names="/" tstamps="/"/>
      <tstamp>57FC7249</tstamp>
    </comp>
    <comp ref="D2">
      <value>Led_Small</value>
      <footprint>fge-lib:DDG-CJS-QR2-1</footprint>
      <libsource lib="device" part="Led_Small"/>
      <sheetpath names="/" tstamps="/"/>
      <tstamp>57FCB1F8</tstamp>
    </comp>
    <comp ref="R13">
      <value>10</value>
      <footprint>Resistors_SMD:R_0603</footprint>
      <libsource lib="device" part="R"/>
      <sheetpath names="/" tstamps="/"/>
      <tstamp>57FCB1FE</tstamp>
    </comp>
    <comp ref="D5">
      <value>Led_Small</value>
      <footprint>fge-lib:DDG-CJS-QR2-1</footprint>
      <libsource lib="device" part="Led_Small"/>
      <sheetpath names="/" tstamps="/"/>
      <tstamp>57FCB204</tstamp>
    </comp>
    <comp ref="D8">
      <value>Led_Small</value>
      <footprint>fge-lib:DDG-CJS-QR2-1</footprint>
      <libsource lib="device" part="Led_Small"/>
      <sheetpath names="/" tstamps="/"/>
      <tstamp>57FCB20A</tstamp>
    </comp>
    <comp ref="D11">
      <value>Led_Small</value>
      <footprint>fge-lib:DDG-CJS-QR2-1</footprint>
      <libsource lib="device" part="Led_Small"/>
      <sheetpath names="/" tstamps="/"/>
      <tstamp>57FCB210</tstamp>
    </comp>
    <comp ref="D14">
      <value>Led_Small</value>
      <footprint>fge-lib:DDG-CJS-QR2-1</footprint>
      <libsource lib="device" part="Led_Small"/>
      <sheetpath names="/" tstamps="/"/>
      <tstamp>57FCB216</tstamp>
    </comp>
    <comp ref="D17">
      <value>Led_Small</value>
      <footprint>fge-lib:DDG-CJS-QR2-1</footprint>
      <libsource lib="device" part="Led_Small"/>
      <sheetpath names="/" tstamps="/"/>
      <tstamp>57FCB21C</tstamp>
    </comp>
    <comp ref="D20">
      <value>Led_Small</value>
      <footprint>fge-lib:DDG-CJS-QR2-1</footprint>
      <libsource lib="device" part="Led_Small"/>
      <sheetpath names="/" tstamps="/"/>
      <tstamp>57FCB222</tstamp>
    </comp>
    <comp ref="D23">
      <value>Led_Small</value>
      <footprint>fge-lib:DDG-CJS-QR2-1</footprint>
      <libsource lib="device" part="Led_Small"/>
      <sheetpath names="/" tstamps="/"/>
      <tstamp>57FCB228</tstamp>
    </comp>
    <comp ref="R16">
      <value>10</value>
      <footprint>Resistors_SMD:R_0603</footprint>
      <libsource lib="device" part="R"/>
      <sheetpath names="/" tstamps="/"/>
      <tstamp>57FCB22E</tstamp>
    </comp>
    <comp ref="R19">
      <value>10</value>
      <footprint>Resistors_SMD:R_0603</footprint>
      <libsource lib="device" part="R"/>
      <sheetpath names="/" tstamps="/"/>
      <tstamp>57FCB234</tstamp>
    </comp>
    <comp ref="R22">
      <value>10</value>
      <footprint>Resistors_SMD:R_0603</footprint>
      <libsource lib="device" part="R"/>
      <sheetpath names="/" tstamps="/"/>
      <tstamp>57FCB23A</tstamp>
    </comp>
    <comp ref="R25">
      <value>10</value>
      <footprint>Resistors_SMD:R_0603</footprint>
      <libsource lib="device" part="R"/>
      <sheetpath names="/" tstamps="/"/>
      <tstamp>57FCB240</tstamp>
    </comp>
    <comp ref="R28">
      <value>10</value>
      <footprint>Resistors_SMD:R_0603</footprint>
      <libsource lib="device" part="R"/>
      <sheetpath names="/" tstamps="/"/>
      <tstamp>57FCB246</tstamp>
    </comp>
    <comp ref="R31">
      <value>10</value>
      <footprint>Resistors_SMD:R_0603</footprint>
      <libsource lib="device" part="R"/>
      <sheetpath names="/" tstamps="/"/>
      <tstamp>57FCB24C</tstamp>
    </comp>
    <comp ref="R34">
      <value>10</value>
      <footprint>Resistors_SMD:R_0603</footprint>
      <libsource lib="device" part="R"/>
      <sheetpath names="/" tstamps="/"/>
      <tstamp>57FCB252</tstamp>
    </comp>
    <comp ref="D3">
      <value>Led_Small</value>
      <footprint>fge-lib:DDG-CJS-QR2-1</footprint>
      <libsource lib="device" part="Led_Small"/>
      <sheetpath names="/" tstamps="/"/>
      <tstamp>57FCBDA7</tstamp>
    </comp>
    <comp ref="R14">
      <value>10</value>
      <footprint>Resistors_SMD:R_0603</footprint>
      <libsource lib="device" part="R"/>
      <sheetpath names="/" tstamps="/"/>
      <tstamp>57FCBDAD</tstamp>
    </comp>
    <comp ref="D6">
      <value>Led_Small</value>
      <footprint>fge-lib:DDG-CJS-QR2-1</footprint>
      <libsource lib="device" part="Led_Small"/>
      <sheetpath names="/" tstamps="/"/>
      <tstamp>57FCBDB3</tstamp>
    </comp>
    <comp ref="D9">
      <value>Led_Small</value>
      <footprint>fge-lib:DDG-CJS-QR2-1</footprint>
      <libsource lib="device" part="Led_Small"/>
      <sheetpath names="/" tstamps="/"/>
      <tstamp>57FCBDB9</tstamp>
    </comp>
    <comp ref="D12">
      <value>Led_Small</value>
      <footprint>fge-lib:DDG-CJS-QR2-1</footprint>
      <libsource lib="device" part="Led_Small"/>
      <sheetpath names="/" tstamps="/"/>
      <tstamp>57FCBDBF</tstamp>
    </comp>
    <comp ref="D15">
      <value>Led_Small</value>
      <footprint>fge-lib:DDG-CJS-QR2-1</footprint>
      <libsource lib="device" part="Led_Small"/>
      <sheetpath names="/" tstamps="/"/>
      <tstamp>57FCBDC5</tstamp>
    </comp>
    <comp ref="D18">
      <value>Led_Small</value>
      <footprint>fge-lib:DDG-CJS-QR2-1</footprint>
      <libsource lib="device" part="Led_Small"/>
      <sheetpath names="/" tstamps="/"/>
      <tstamp>57FCBDCB</tstamp>
    </comp>
    <comp ref="D21">
      <value>Led_Small</value>
      <footprint>fge-lib:DDG-CJS-QR2-1</footprint>
      <libsource lib="device" part="Led_Small"/>
      <sheetpath names="/" tstamps="/"/>
      <tstamp>57FCBDD1</tstamp>
    </comp>
    <comp ref="D24">
      <value>Led_Small</value>
      <footprint>fge-lib:DDG-CJS-QR2-1</footprint>
      <libsource lib="device" part="Led_Small"/>
      <sheetpath names="/" tstamps="/"/>
      <tstamp>57FCBDD7</tstamp>
    </comp>
    <comp ref="R17">
      <value>10</value>
      <footprint>Resistors_SMD:R_0603</footprint>
      <libsource lib="device" part="R"/>
      <sheetpath names="/" tstamps="/"/>
      <tstamp>57FCBDDD</tstamp>
    </comp>
    <comp ref="R20">
      <value>10</value>
      <footprint>Resistors_SMD:R_0603</footprint>
      <libsource lib="device" part="R"/>
      <sheetpath names="/" tstamps="/"/>
      <tstamp>57FCBDE3</tstamp>
    </comp>
    <comp ref="R23">
      <value>10</value>
      <footprint>Resistors_SMD:R_0603</footprint>
      <libsource lib="device" part="R"/>
      <sheetpath names="/" tstamps="/"/>
      <tstamp>57FCBDE9</tstamp>
    </comp>
    <comp ref="R26">
      <value>10</value>
      <footprint>Resistors_SMD:R_0603</footprint>
      <libsource lib="device" part="R"/>
      <sheetpath names="/" tstamps="/"/>
      <tstamp>57FCBDEF</tstamp>
    </comp>
    <comp ref="R29">
      <value>10</value>
      <footprint>Resistors_SMD:R_0603</footprint>
      <libsource lib="device" part="R"/>
      <sheetpath names="/" tstamps="/"/>
      <tstamp>57FCBDF5</tstamp>
    </comp>
    <comp ref="R32">
      <value>10</value>
      <footprint>Resistors_SMD:R_0603</footprint>
      <libsource lib="device" part="R"/>
      <sheetpath names="/" tstamps="/"/>
      <tstamp>57FCBDFB</tstamp>
    </comp>
    <comp ref="R35">
      <value>10</value>
      <footprint>Resistors_SMD:R_0603</footprint>
      <libsource lib="device" part="R"/>
      <sheetpath names="/" tstamps="/"/>
      <tstamp>57FCBE01</tstamp>
    </comp>
    <comp ref="C5">
      <value>470nF</value>
      <footprint>Capacitors_SMD:C_0603</footprint>
      <libsource lib="device" part="C_Small"/>
      <sheetpath names="/" tstamps="/"/>
      <tstamp>57FBD6B9</tstamp>
    </comp>
    <comp ref="C7">
      <value>10uF</value>
      <footprint>Capacitors_SMD:C_0603</footprint>
      <libsource lib="device" part="C_Small"/>
      <sheetpath names="/" tstamps="/"/>
      <tstamp>57FBF7ED</tstamp>
    </comp>
    <comp ref="C10">
      <value>100nF</value>
      <footprint>Capacitors_SMD:C_0603</footprint>
      <libsource lib="device" part="C_Small"/>
      <sheetpath names="/" tstamps="/"/>
      <tstamp>57FBF8AA</tstamp>
    </comp>
    <comp ref="X1">
      <value>AB38T</value>
      <footprint>Crystals:Crystal_Round_Horizontal_3mm_BigPad</footprint>
      <libsource lib="KiCad-FGE-lib" part="AB38T"/>
      <sheetpath names="/" tstamps="/"/>
      <tstamp>57FC0CD7</tstamp>
    </comp>
    <comp ref="C6">
      <value>12pF</value>
      <footprint>Capacitors_SMD:C_0603</footprint>
      <libsource lib="device" part="C_Small"/>
      <sheetpath names="/" tstamps="/"/>
      <tstamp>57FC1112</tstamp>
    </comp>
    <comp ref="C9">
      <value>12pF</value>
      <footprint>Capacitors_SMD:C_0603</footprint>
      <libsource lib="device" part="C_Small"/>
      <sheetpath names="/" tstamps="/"/>
      <tstamp>57FC1340</tstamp>
    </comp>
    <comp ref="C3">
      <value>100nF</value>
      <footprint>Capacitors_SMD:C_0603</footprint>
      <libsource lib="device" part="C_Small"/>
      <sheetpath names="/" tstamps="/"/>
      <tstamp>57FCC056</tstamp>
    </comp>
    <comp ref="R11">
      <value>0</value>
      <footprint>Resistors_SMD:R_0603</footprint>
      <libsource lib="device" part="R"/>
      <sheetpath names="/" tstamps="/"/>
      <tstamp>57FF6224</tstamp>
    </comp>
    <comp ref="R10">
      <value>0</value>
      <footprint>Resistors_SMD:R_0603</footprint>
      <libsource lib="device" part="R"/>
      <sheetpath names="/" tstamps="/"/>
      <tstamp>57FF6736</tstamp>
    </comp>
    <comp ref="C14">
      <value>10uF</value>
      <footprint>Capacitors_SMD:C_0805</footprint>
      <libsource lib="device" part="C"/>
      <sheetpath names="/" tstamps="/"/>
      <tstamp>57FFBC9E</tstamp>
    </comp>
    <comp ref="C15">
      <value>10uF</value>
      <footprint>Capacitors_SMD:C_0805</footprint>
      <libsource lib="device" part="C"/>
      <sheetpath names="/" tstamps="/"/>
      <tstamp>57FFC11E</tstamp>
    </comp>
    <comp ref="R9">
      <value>0</value>
      <footprint>Resistors_SMD:R_0603</footprint>
      <libsource lib="device" part="R"/>
      <sheetpath names="/" tstamps="/"/>
      <tstamp>57FFE6F3</tstamp>
    </comp>
    <comp ref="C13">
      <value>10uF</value>
      <footprint>Capacitors_SMD:C_0805</footprint>
      <libsource lib="device" part="C"/>
      <sheetpath names="/" tstamps="/"/>
      <tstamp>57FFE7CC</tstamp>
    </comp>
    <comp ref="R4">
      <value>47k</value>
      <footprint>Resistors_SMD:R_0603</footprint>
      <libsource lib="device" part="R"/>
      <sheetpath names="/" tstamps="/"/>
      <tstamp>57FD5FBF</tstamp>
    </comp>
    <comp ref="C2">
      <value>1nF</value>
      <footprint>Capacitors_SMD:C_0603</footprint>
      <libsource lib="device" part="C"/>
      <sheetpath names="/" tstamps="/"/>
      <tstamp>57FD60B0</tstamp>
    </comp>
    <comp ref="R2">
      <value>JMP</value>
      <footprint>Resistors_SMD:R_0603</footprint>
      <libsource lib="device" part="R"/>
      <sheetpath names="/" tstamps="/"/>
      <tstamp>57FD8051</tstamp>
    </comp>
    <comp ref="R5">
      <value>JMP</value>
      <footprint>Resistors_SMD:R_0603</footprint>
      <libsource lib="device" part="R"/>
      <sheetpath names="/" tstamps="/"/>
      <tstamp>57FDCC46</tstamp>
    </comp>
    <comp ref="SW1">
      <value>SW_PUSH</value>
      <footprint>fge-lib:TL3315</footprint>
      <libsource lib="device" part="SW_PUSH"/>
      <sheetpath names="/" tstamps="/"/>
      <tstamp>57FF1F91</tstamp>
    </comp>
    <comp ref="R1">
      <value>1M</value>
      <footprint>Resistors_SMD:R_0603</footprint>
      <libsource lib="device" part="R"/>
      <sheetpath names="/" tstamps="/"/>
      <tstamp>57FF2B78</tstamp>
    </comp>
    <comp ref="R3">
      <value>10k</value>
      <footprint>Resistors_SMD:R_0603</footprint>
      <libsource lib="device" part="R"/>
      <sheetpath names="/" tstamps="/"/>
      <tstamp>57FF2C55</tstamp>
    </comp>
    <comp ref="C1">
      <value>100nF</value>
      <footprint>Capacitors_SMD:C_0603</footprint>
      <libsource lib="device" part="C"/>
      <sheetpath names="/" tstamps="/"/>
      <tstamp>57FF2D3C</tstamp>
    </comp>
    <comp ref="P3">
      <value>SBW</value>
      <footprint>Pin_Headers:Pin_Header_Straight_1x04</footprint>
      <libsource lib="conn" part="CONN_01X04"/>
      <sheetpath names="/" tstamps="/"/>
      <tstamp>57FFB39B</tstamp>
    </comp>
    <comp ref="R6">
      <value>JMP</value>
      <footprint>Resistors_SMD:R_0603</footprint>
      <libsource lib="device" part="R"/>
      <sheetpath names="/" tstamps="/"/>
      <tstamp>580041D4</tstamp>
    </comp>
    <comp ref="P1">
      <value>UART</value>
      <footprint>Pin_Headers:Pin_Header_Straight_1x04</footprint>
      <libsource lib="conn" part="CONN_01X04"/>
      <sheetpath names="/" tstamps="/"/>
      <tstamp>58009835</tstamp>
    </comp>
    <comp ref="P4">
      <value>JTAG</value>
      <footprint>Pin_Headers:Pin_Header_Straight_1x04</footprint>
      <libsource lib="conn" part="CONN_01X04"/>
      <sheetpath names="/" tstamps="/"/>
      <tstamp>580174E8</tstamp>
    </comp>
    <comp ref="Q1">
      <value>FDV303N</value>
      <footprint>TO_SOT_Packages_SMD:SOT-23</footprint>
      <libsource lib="device" part="Q_NMOS_GSD"/>
      <sheetpath names="/" tstamps="/"/>
      <tstamp>57FE36F5</tstamp>
    </comp>
    <comp ref="P6">
      <value>motor</value>
      <footprint>Pin_Headers:Pin_Header_Straight_1x02</footprint>
      <libsource lib="conn" part="CONN_01X02"/>
      <sheetpath names="/" tstamps="/"/>
      <tstamp>57FE433C</tstamp>
    </comp>
  </components>
  <libparts>
    <libpart lib="KiCad-FGE-lib" part="AB38T">
      <description>Low-cost watch crystal</description>
      <docs>Docs/AB38T.pdf</docs>
      <fields>
        <field name="Reference">X</field>
        <field name="Value">AB38T</field>
      </fields>
      <pins>
        <pin num="1" name="~" type="BiDi"/>
        <pin num="2" name="~" type="BiDi"/>
      </pins>
    </libpart>
    <libpart lib="device" part="C">
      <description>Unpolarized capacitor</description>
      <footprints>
        <fp>C?</fp>
        <fp>C_????_*</fp>
        <fp>C_????</fp>
        <fp>SMD*_c</fp>
        <fp>Capacitor*</fp>
      </footprints>
      <fields>
        <field name="Reference">C</field>
        <field name="Value">C</field>
      </fields>
      <pins>
        <pin num="1" name="~" type="passive"/>
        <pin num="2" name="~" type="passive"/>
      </pins>
    </libpart>
    <libpart lib="conn" part="CONN_01X01">
      <description>Connector 01x01</description>
      <footprints>
        <fp>Pin_Header_Straight_1X01</fp>
        <fp>Pin_Header_Angled_1X01</fp>
        <fp>Socket_Strip_Straight_1X01</fp>
        <fp>Socket_Strip_Angled_1X01</fp>
      </footprints>
      <fields>
        <field name="Reference">P</field>
        <field name="Value">CONN_01X01</field>
      </fields>
      <pins>
        <pin num="1" name="P1" type="passive"/>
      </pins>
    </libpart>
    <libpart lib="conn" part="CONN_01X02">
      <description>Connector 01x02</description>
      <footprints>
        <fp>Pin_Header_Straight_1X02</fp>
        <fp>Pin_Header_Angled_1X02</fp>
        <fp>Socket_Strip_Straight_1X02</fp>
        <fp>Socket_Strip_Angled_1X02</fp>
      </footprints>
      <fields>
        <field name="Reference">P</field>
        <field name="Value">CONN_01X02</field>
      </fields>
      <pins>
        <pin num="1" name="P1" type="passive"/>
        <pin num="2" name="P2" type="passive"/>
      </pins>
    </libpart>
    <libpart lib="conn" part="CONN_01X04">
      <description>Connector 01x04</description>
      <footprints>
        <fp>Pin_Header_Straight_1X04</fp>
        <fp>Pin_Header_Angled_1X04</fp>
        <fp>Socket_Strip_Straight_1X04</fp>
        <fp>Socket_Strip_Angled_1X04</fp>
      </footprints>
      <fields>
        <field name="Reference">P</field>
        <field name="Value">CONN_01X04</field>
      </fields>
      <pins>
        <pin num="1" name="P1" type="passive"/>
        <pin num="2" name="P2" type="passive"/>
        <pin num="3" name="P3" type="passive"/>
        <pin num="4" name="P4" type="passive"/>
      </pins>
    </libpart>
    <libpart lib="device" part="C_Small">
      <description>Unpolarized capacitor</description>
      <footprints>
        <fp>C?</fp>
        <fp>C_????_*</fp>
        <fp>C_????</fp>
        <fp>SMD*_c</fp>
        <fp>Capacitor*</fp>
      </footprints>
      <fields>
        <field name="Reference">C</field>
        <field name="Value">C_Small</field>
      </fields>
      <pins>
        <pin num="1" name="~" type="passive"/>
        <pin num="2" name="~" type="passive"/>
      </pins>
    </libpart>
    <libpart lib="device" part="INDUCTOR">
      <fields>
        <field name="Reference">L</field>
        <field name="Value">INDUCTOR</field>
      </fields>
      <pins>
        <pin num="1" name="1" type="passive"/>
        <pin num="2" name="2" type="passive"/>
      </pins>
    </libpart>
    <libpart lib="KiCad-FGE-lib" part="LIS3DH">
      <description>Low-power low-cost 3-axis accelerometer</description>
      <docs>Docs/LIS3DH.pdf</docs>
      <fields>
        <field name="Reference">U</field>
        <field name="Value">LIS3DH</field>
      </fields>
      <pins>
        <pin num="1" name="VDDIO" type="power_in"/>
        <pin num="4" name="SCL/SCK" type="BiDi"/>
        <pin num="5" name="GND" type="power_in"/>
        <pin num="6" name="SDA/MOSI" type="BiDi"/>
        <pin num="7" name="SA0/MISO" type="BiDi"/>
        <pin num="8" name="CS" type="BiDi"/>
        <pin num="9" name="INT2" type="BiDi"/>
        <pin num="10" name="RES" type="power_in"/>
        <pin num="11" name="INT1" type="BiDi"/>
        <pin num="12" name="GND" type="power_in"/>
        <pin num="13" name="ADC3" type="BiDi"/>
        <pin num="14" name="VDD" type="power_in"/>
        <pin num="15" name="ADC2" type="BiDi"/>
        <pin num="16" name="ADC1" type="BiDi"/>
      </pins>
    </libpart>
    <libpart lib="device" part="L_Small">
      <description>Inductor</description>
      <footprints>
        <fp>CP*</fp>
        <fp>SM*</fp>
      </footprints>
      <fields>
        <field name="Reference">L</field>
        <field name="Value">L_Small</field>
      </fields>
      <pins>
        <pin num="1" name="~" type="passive"/>
        <pin num="2" name="~" type="passive"/>
      </pins>
    </libpart>
    <libpart lib="device" part="Led_Small">
      <description>Led</description>
      <footprints>
        <fp>CP*</fp>
        <fp>SM*</fp>
      </footprints>
      <fields>
        <field name="Reference">D</field>
        <field name="Value">Led_Small</field>
      </fields>
      <pins>
        <pin num="1" name="K" type="passive"/>
        <pin num="2" name="A" type="passive"/>
      </pins>
    </libpart>
    <libpart lib="KiCad-FGE-lib" part="MCP73811">
      <description>Low-cost lithium charger (50-500mA)</description>
      <docs>Docs/mcp73811.pdf</docs>
      <fields>
        <field name="Reference">U</field>
        <field name="Value">MCP73811</field>
      </fields>
      <pins>
        <pin num="1" name="CE" type="BiDi"/>
        <pin num="2" name="VSS" type="power_out"/>
        <pin num="3" name="Vbat" type="power_out"/>
        <pin num="4" name="VDD" type="power_in"/>
        <pin num="5" name="PROG" type="BiDi"/>
      </pins>
    </libpart>
    <libpart lib="device" part="Q_NMOS_GSD">
      <description>Transistor N-MOSFET (general)</description>
      <fields>
        <field name="Reference">Q</field>
        <field name="Value">Q_NMOS_GSD</field>
      </fields>
      <pins>
        <pin num="1" name="G" type="input"/>
        <pin num="2" name="S" type="passive"/>
        <pin num="3" name="D" type="passive"/>
      </pins>
    </libpart>
    <libpart lib="device" part="R">
      <description>Resistor</description>
      <footprints>
        <fp>R_*</fp>
        <fp>Resistor_*</fp>
      </footprints>
      <fields>
        <field name="Reference">R</field>
        <field name="Value">R</field>
      </fields>
      <pins>
        <pin num="1" name="~" type="passive"/>
        <pin num="2" name="~" type="passive"/>
      </pins>
    </libpart>
    <libpart lib="device" part="SW_PUSH">
      <description>Button</description>
      <fields>
        <field name="Reference">SW</field>
        <field name="Value">SW_PUSH</field>
      </fields>
      <pins>
        <pin num="1" name="1" type="passive"/>
        <pin num="2" name="2" type="passive"/>
      </pins>
    </libpart>
    <libpart lib="KiCad-FGE-lib" part="TPS62742">
      <description>RF-friendly low-power regulator (1.8-3.3V)</description>
      <docs>Docs/tps62742.pdf</docs>
      <fields>
        <field name="Reference">U</field>
        <field name="Value">TPS62742</field>
      </fields>
      <pins>
        <pin num="1" name="VIN" type="power_in"/>
        <pin num="2" name="SW" type="power_out"/>
        <pin num="3" name="GND" type="power_in"/>
        <pin num="4" name="CTRL" type="BiDi"/>
        <pin num="5" name="VOUT" type="power_in"/>
        <pin num="6" name="LOAD" type="power_out"/>
        <pin num="7" name="PG" type="BiDi"/>
        <pin num="8" name="VSEL4" type="BiDi"/>
        <pin num="9" name="VSEL3" type="BiDi"/>
        <pin num="10" name="VSEL2" type="BiDi"/>
        <pin num="11" name="VSEL1" type="BiDi"/>
        <pin num="12" name="EN" type="BiDi"/>
        <pin num="TH" name="GND" type="power_out"/>
      </pins>
    </libpart>
    <libpart lib="KiCad-FGE-lib" part="USB-MICRO-AB">
      <fields>
        <field name="Reference">U</field>
        <field name="Value">USB-MICRO-AB</field>
      </fields>
      <pins>
        <pin num="1" name="VBUS" type="power_out"/>
        <pin num="2" name="D-" type="BiDi"/>
        <pin num="3" name="D+" type="BiDi"/>
        <pin num="4" name="ID" type="BiDi"/>
        <pin num="5" name="GND" type="power_out"/>
      </pins>
    </libpart>
    <libpart lib="KiCad-FGE-lib" part="Xtal-m445">
      <description>Model 445 SMD Crystal</description>
      <docs>Docs/m445xtal.pdf</docs>
      <fields>
        <field name="Reference">X</field>
        <field name="Value">Xtal-m445</field>
      </fields>
      <pins>
        <pin num="1" name="~" type="BiDi"/>
        <pin num="2" name="~" type="BiDi"/>
      </pins>
    </libpart>
    <libpart lib="KiCad-FGE-lib" part="antenna">
      <description>2500 MHz chip antenna</description>
      <docs>Docs/2450AT18A100.pdf</docs>
      <fields>
        <field name="Reference">U</field>
        <field name="Value">antenna</field>
      </fields>
      <pins>
        <pin num="1" name="~" type="input"/>
      </pins>
    </libpart>
    <libpart lib="KiCad-FGE-lib" part="msp430f5247">
      <description>Low power MCU with RTC</description>
      <docs>Docs/msp430f5247.pdf</docs>
      <fields>
        <field name="Reference">U</field>
        <field name="Value">msp430f5247</field>
      </fields>
      <pins>
        <pin num="1" name="P6.0/A0/CB0" type="BiDi"/>
        <pin num="2" name="P6.1/A1/CB1" type="BiDi"/>
        <pin num="3" name="P6.2/A2/CB2" type="BiDi"/>
        <pin num="4" name="P6.3/A3/CB3" type="BiDi"/>
        <pin num="5" name="P6.4/A4/CB4" type="BiDi"/>
        <pin num="6" name="P6.5/A5/CB5" type="BiDi"/>
        <pin num="7" name="P6.6/A6/CB6" type="BiDi"/>
        <pin num="8" name="P6.7/A7/CB7" type="BiDi"/>
        <pin num="9" name="P5.0/A8/VeREF+" type="BiDi"/>
        <pin num="10" name="P5.1/A9/VeREF-" type="BiDi"/>
        <pin num="11" name="AVCC" type="power_in"/>
        <pin num="12" name="P5.4/XIN" type="BiDi"/>
        <pin num="13" name="P5.5/XOUT" type="BiDi"/>
        <pin num="14" name="AVSS" type="power_in"/>
        <pin num="15" name="DVCC" type="power_in"/>
        <pin num="16" name="DVSS" type="power_in"/>
        <pin num="17" name="VCORE" type="power_in"/>
        <pin num="18" name="P1.0/TA0CLK/ACLK" type="BiDi"/>
        <pin num="19" name="P1.1/TA0.0" type="BiDi"/>
        <pin num="20" name="P1.2/TA0.1" type="BiDi"/>
        <pin num="21" name="P1.3/TA0.2" type="BiDi"/>
        <pin num="22" name="P1.4/TA0.3" type="BiDi"/>
        <pin num="23" name="P1.5/TA0.4" type="BiDi"/>
        <pin num="24" name="P1.6/TA1CLK/CBOUT" type="BiDi"/>
        <pin num="25" name="P1.7/TA1.0" type="BiDi"/>
        <pin num="26" name="P2.0/TA1.1" type="BiDi"/>
        <pin num="27" name="P2.1/TA1.2" type="BiDi"/>
        <pin num="28" name="P2.2/TA2CLK/SMCLK" type="BiDi"/>
        <pin num="29" name="P2.3/TA2.0" type="BiDi"/>
        <pin num="30" name="P2.4/TA2.1" type="BiDi"/>
        <pin num="31" name="P2.5/TA2.2" type="BiDi"/>
        <pin num="32" name="P2.6/RTCCLK/DMAE0" type="BiDi"/>
        <pin num="33" name="P2.7/UCB0STE/UCA0CLK" type="BiDi"/>
        <pin num="34" name="P3.0/UCB0SIMO/UCB0SDA" type="BiDi"/>
        <pin num="35" name="P3.1/UCB0SOMI/UCB0SCL" type="BiDi"/>
        <pin num="36" name="P3.2/UCB0CLK/UCA0STE" type="BiDi"/>
        <pin num="37" name="P3.3/UCA0TXD/UCA0SIMO" type="BiDi"/>
        <pin num="38" name="P3.4/UCA0RXD/UCA0SOMI" type="BiDi"/>
        <pin num="39" name="DVSS" type="power_in"/>
        <pin num="40" name="DVCC" type="power_in"/>
        <pin num="41" name="P4.0/PM_UCB1STE/PM_UCA1CLK" type="BiDi"/>
        <pin num="42" name="P4.1/PM_UCB1SIMO/PM_UCB1SDA" type="BiDi"/>
        <pin num="43" name="P4.2/PM_UCB1SOMI/PM_UCB1SCL" type="BiDi"/>
        <pin num="44" name="P4.3/PM_UCB1CLK/PM_UCA1STE" type="BiDi"/>
        <pin num="45" name="P4.4/PM_UCA1TXD/PM_UCA1SIMO" type="BiDi"/>
        <pin num="46" name="P4.5/PM_UCA1RXD/PM_UCA1SOMI" type="BiDi"/>
        <pin num="47" name="P4.6/PM_NONE" type="BiDi"/>
        <pin num="48" name="P4.7/PM_NONE" type="BiDi"/>
        <pin num="49" name="P7.0/TB0.0" type="BiDi"/>
        <pin num="50" name="P7.1/TB0.1" type="BiDi"/>
        <pin num="51" name="P7.2/TB0.2" type="BiDi"/>
        <pin num="52" name="P7.3/TB0.3" type="BiDi"/>
        <pin num="53" name="P7.4/TB0.4" type="BiDi"/>
        <pin num="54" name="P7.5/TB0.5" type="BiDi"/>
        <pin num="55" name="NC" type="BiDi"/>
        <pin num="56" name="RST/NMI" type="BiDi"/>
        <pin num="57" name="P5.2/XT2IN" type="BiDi"/>
        <pin num="58" name="P5.3/XT2OUT" type="BiDi"/>
        <pin num="59" name="TEST/SBWTCK" type="BiDi"/>
        <pin num="60" name="PJ.0/TDO" type="BiDi"/>
        <pin num="61" name="PJ.1/TDI/TCLK" type="BiDi"/>
        <pin num="62" name="PJ.2/TMS" type="BiDi"/>
        <pin num="63" name="PJ.3/TCK" type="BiDi"/>
        <pin num="64" name="RSTDVCC/SBWTDIO" type="BiDi"/>
      </pins>
    </libpart>
    <libpart lib="KiCad-FGE-lib" part="nRF24L01p">
      <description>Low power 2.4G transceiver</description>
      <docs>Docs/nrf24l01p.pdf</docs>
      <fields>
        <field name="Reference">U</field>
        <field name="Value">nRF24L01p</field>
      </fields>
      <pins>
        <pin num="1" name="CE" type="BiDi"/>
        <pin num="2" name="CSN" type="BiDi"/>
        <pin num="3" name="SCK" type="BiDi"/>
        <pin num="4" name="MOSI" type="BiDi"/>
        <pin num="5" name="MISO" type="BiDi"/>
        <pin num="6" name="IRQ" type="BiDi"/>
        <pin num="7" name="VDD" type="power_in"/>
        <pin num="8" name="VSS" type="power_in"/>
        <pin num="9" name="XC2" type="BiDi"/>
        <pin num="10" name="XC1" type="BiDi"/>
        <pin num="11" name="VDD_PA" type="BiDi"/>
        <pin num="12" name="ANT1" type="BiDi"/>
        <pin num="13" name="ANT2" type="BiDi"/>
        <pin num="14" name="VSS" type="power_in"/>
        <pin num="15" name="VDD" type="power_in"/>
        <pin num="16" name="IREF" type="power_in"/>
        <pin num="17" name="VSS" type="power_in"/>
        <pin num="18" name="VDD" type="power_in"/>
        <pin num="19" name="DVDD" type="power_in"/>
        <pin num="20" name="VSS" type="power_in"/>
      </pins>
    </libpart>
  </libparts>
  <libraries>
    <library logical="device">
      <uri>/usr/share/kicad/library/device.lib</uri>
    </library>
    <library logical="conn">
      <uri>/usr/share/kicad/library/conn.lib</uri>
    </library>
    <library logical="KiCad-FGE-lib">
      <uri>KiCad-FGE-lib.lib</uri>
    </library>
  </libraries>
  <nets>
    <net code="1" name="Net-(C20-Pad2)">
      <node ref="L2" pin="2"/>
      <node ref="C20" pin="2"/>
    </net>
    <net code="2" name="Net-(C22-Pad1)">
      <node ref="L4" pin="1"/>
      <node ref="C24" pin="1"/>
      <node ref="C22" pin="1"/>
      <node ref="U5" pin="11"/>
    </net>
    <net code="3" name="Net-(L3-Pad1)">
      <node ref="U5" pin="12"/>
      <node ref="L3" pin="1"/>
      <node ref="L4" pin="2"/>
    </net>
    <net code="4" name="Net-(L2-Pad1)">
      <node ref="L3" pin="2"/>
      <node ref="U5" pin="13"/>
      <node ref="L2" pin="1"/>
    </net>
    <net code="5" name="Net-(C20-Pad1)">
      <node ref="U7" pin="1"/>
      <node ref="C20" pin="1"/>
      <node ref="C23" pin="1"/>
    </net>
    <net code="6" name="/rf_ce">
      <node ref="U3" pin="47"/>
      <node ref="U5" pin="1"/>
    </net>
    <net code="7" name="/rf_csn">
      <node ref="U3" pin="41"/>
      <node ref="U5" pin="2"/>
    </net>
    <net code="8" name="/rf_sck">
      <node ref="U3" pin="44"/>
      <node ref="U5" pin="3"/>
    </net>
    <net code="9" name="/rf_mosi">
      <node ref="U5" pin="4"/>
      <node ref="U3" pin="42"/>
    </net>
    <net code="10" name="/rf_miso">
      <node ref="U3" pin="43"/>
      <node ref="U5" pin="5"/>
    </net>
    <net code="11" name="/rf_irq">
      <node ref="U3" pin="49"/>
      <node ref="U5" pin="6"/>
    </net>
    <net code="12" name="Net-(D22-Pad2)">
      <node ref="R33" pin="2"/>
      <node ref="D22" pin="2"/>
    </net>
    <net code="13" name="Net-(D4-Pad2)">
      <node ref="R15" pin="2"/>
      <node ref="D4" pin="2"/>
    </net>
    <net code="14" name="Net-(D7-Pad2)">
      <node ref="D7" pin="2"/>
      <node ref="R18" pin="2"/>
    </net>
    <net code="15" name="Net-(D10-Pad2)">
      <node ref="D10" pin="2"/>
      <node ref="R21" pin="2"/>
    </net>
    <net code="16" name="Net-(D13-Pad2)">
      <node ref="R24" pin="2"/>
      <node ref="D13" pin="2"/>
    </net>
    <net code="17" name="Net-(D16-Pad2)">
      <node ref="D16" pin="2"/>
      <node ref="R27" pin="2"/>
    </net>
    <net code="18" name="Net-(D19-Pad2)">
      <node ref="D19" pin="2"/>
      <node ref="R30" pin="2"/>
    </net>
    <net code="19" name="Net-(R10-Pad1)">
      <node ref="R31" pin="1"/>
      <node ref="R28" pin="1"/>
      <node ref="R25" pin="1"/>
      <node ref="R22" pin="1"/>
      <node ref="R19" pin="1"/>
      <node ref="R16" pin="1"/>
      <node ref="R10" pin="1"/>
      <node ref="R13" pin="1"/>
      <node ref="R34" pin="1"/>
    </net>
    <net code="20" name="Net-(D2-Pad2)">
      <node ref="R13" pin="2"/>
      <node ref="D2" pin="2"/>
    </net>
    <net code="21" name="Net-(P5-Pad1)">
      <node ref="U6" pin="16"/>
      <node ref="P5" pin="1"/>
    </net>
    <net code="22" name="/acc_int2">
      <node ref="U3" pin="51"/>
      <node ref="U6" pin="9"/>
    </net>
    <net code="23" name="/acc_int1">
      <node ref="U6" pin="11"/>
      <node ref="U3" pin="50"/>
    </net>
    <net code="24" name="/acc_scl">
      <node ref="U6" pin="4"/>
      <node ref="U3" pin="35"/>
      <node ref="R37" pin="2"/>
    </net>
    <net code="25" name="/acc_sda">
      <node ref="U3" pin="34"/>
      <node ref="U6" pin="6"/>
      <node ref="R38" pin="2"/>
    </net>
    <net code="26" name="Net-(R12-Pad1)">
      <node ref="R27" pin="1"/>
      <node ref="R9" pin="1"/>
      <node ref="R12" pin="1"/>
      <node ref="R15" pin="1"/>
      <node ref="R18" pin="1"/>
      <node ref="R24" pin="1"/>
      <node ref="R21" pin="1"/>
      <node ref="R33" pin="1"/>
      <node ref="R30" pin="1"/>
    </net>
    <net code="27" name="Net-(D1-Pad2)">
      <node ref="D1" pin="2"/>
      <node ref="R12" pin="2"/>
    </net>
    <net code="28" name="Net-(P3-Pad1)">
      <node ref="R6" pin="1"/>
      <node ref="P3" pin="1"/>
    </net>
    <net code="29" name="GND">
      <node ref="C11" pin="2"/>
      <node ref="C17" pin="2"/>
      <node ref="R36" pin="1"/>
      <node ref="C18" pin="1"/>
      <node ref="C19" pin="2"/>
      <node ref="C21" pin="2"/>
      <node ref="C9" pin="1"/>
      <node ref="C6" pin="1"/>
      <node ref="C10" pin="2"/>
      <node ref="C3" pin="1"/>
      <node ref="U1" pin="5"/>
      <node ref="U1" pin="4"/>
      <node ref="U2" pin="2"/>
      <node ref="P2" pin="1"/>
      <node ref="C13" pin="2"/>
      <node ref="C15" pin="2"/>
      <node ref="C2" pin="2"/>
      <node ref="C7" pin="2"/>
      <node ref="U3" pin="39"/>
      <node ref="C5" pin="1"/>
      <node ref="C14" pin="2"/>
      <node ref="C23" pin="2"/>
      <node ref="C22" pin="2"/>
      <node ref="C24" pin="2"/>
      <node ref="C12" pin="2"/>
      <node ref="U6" pin="12"/>
      <node ref="U6" pin="10"/>
      <node ref="C16" pin="2"/>
      <node ref="U5" pin="17"/>
      <node ref="U5" pin="14"/>
      <node ref="U5" pin="20"/>
      <node ref="U5" pin="8"/>
      <node ref="U4" pin="9"/>
      <node ref="C4" pin="2"/>
      <node ref="C8" pin="2"/>
      <node ref="U4" pin="TH"/>
      <node ref="U4" pin="8"/>
      <node ref="U4" pin="4"/>
      <node ref="U4" pin="3"/>
      <node ref="R7" pin="1"/>
      <node ref="U3" pin="16"/>
      <node ref="U3" pin="14"/>
      <node ref="U6" pin="5"/>
      <node ref="C1" pin="2"/>
      <node ref="P3" pin="2"/>
      <node ref="SW1" pin="1"/>
      <node ref="R2" pin="2"/>
      <node ref="Q1" pin="2"/>
    </net>
    <net code="30" name="Net-(U1-Pad1)">
      <node ref="U1" pin="1"/>
      <node ref="U2" pin="4"/>
      <node ref="U2" pin="1"/>
    </net>
    <net code="31" name="Net-(R5-Pad1)">
      <node ref="R5" pin="1"/>
      <node ref="U3" pin="56"/>
    </net>
    <net code="32" name="/SBWtck">
      <node ref="P3" pin="3"/>
      <node ref="U3" pin="59"/>
    </net>
    <net code="33" name="/J_tdo">
      <node ref="P4" pin="1"/>
      <node ref="U3" pin="60"/>
    </net>
    <net code="34" name="/J_tdi">
      <node ref="P4" pin="2"/>
      <node ref="U3" pin="61"/>
    </net>
    <net code="35" name="/J_tms">
      <node ref="P4" pin="3"/>
      <node ref="U3" pin="62"/>
    </net>
    <net code="36" name="/J_tck">
      <node ref="U3" pin="63"/>
      <node ref="P4" pin="4"/>
    </net>
    <net code="37" name="Net-(R7-Pad2)">
      <node ref="U2" pin="5"/>
      <node ref="R7" pin="2"/>
    </net>
    <net code="38" name="/uart_cts">
      <node ref="P1" pin="3"/>
      <node ref="U3" pin="57"/>
    </net>
    <net code="39" name="/uart_rts">
      <node ref="P1" pin="4"/>
      <node ref="U3" pin="58"/>
    </net>
    <net code="40" name="VCC">
      <node ref="U3" pin="15"/>
      <node ref="R5" pin="2"/>
      <node ref="C16" pin="1"/>
      <node ref="U6" pin="8"/>
      <node ref="C12" pin="1"/>
      <node ref="U3" pin="40"/>
      <node ref="U6" pin="14"/>
      <node ref="R37" pin="1"/>
      <node ref="R38" pin="1"/>
      <node ref="U6" pin="1"/>
      <node ref="U6" pin="7"/>
      <node ref="R1" pin="1"/>
      <node ref="U3" pin="11"/>
      <node ref="C7" pin="1"/>
      <node ref="R4" pin="1"/>
      <node ref="R9" pin="2"/>
      <node ref="C13" pin="1"/>
      <node ref="C10" pin="1"/>
      <node ref="U4" pin="5"/>
      <node ref="L1" pin="2"/>
      <node ref="C8" pin="1"/>
      <node ref="R6" pin="2"/>
      <node ref="C3" pin="2"/>
      <node ref="R11" pin="2"/>
      <node ref="R10" pin="2"/>
      <node ref="C14" pin="1"/>
      <node ref="C15" pin="1"/>
      <node ref="C19" pin="1"/>
      <node ref="C21" pin="1"/>
      <node ref="U5" pin="7"/>
      <node ref="P6" pin="2"/>
      <node ref="U5" pin="15"/>
      <node ref="U5" pin="18"/>
    </net>
    <net code="41" name="/but_main">
      <node ref="R3" pin="1"/>
      <node ref="U3" pin="52"/>
    </net>
    <net code="42" name="Net-(C18-Pad2)">
      <node ref="U5" pin="19"/>
      <node ref="C18" pin="2"/>
    </net>
    <net code="43" name="Net-(R36-Pad2)">
      <node ref="U5" pin="16"/>
      <node ref="R36" pin="2"/>
    </net>
    <net code="44" name="Net-(L1-Pad1)">
      <node ref="U4" pin="2"/>
      <node ref="L1" pin="1"/>
    </net>
    <net code="45" name="Net-(C4-Pad1)">
      <node ref="U4" pin="11"/>
      <node ref="U4" pin="10"/>
      <node ref="U4" pin="1"/>
      <node ref="U4" pin="12"/>
      <node ref="U2" pin="3"/>
      <node ref="P2" pin="2"/>
      <node ref="C4" pin="1"/>
    </net>
    <net code="46" name="/SBWtdio">
      <node ref="P3" pin="4"/>
      <node ref="R4" pin="2"/>
      <node ref="R2" pin="1"/>
      <node ref="C2" pin="1"/>
      <node ref="U3" pin="64"/>
    </net>
    <net code="47" name="Net-(C1-Pad1)">
      <node ref="R3" pin="2"/>
      <node ref="R1" pin="2"/>
      <node ref="C1" pin="1"/>
      <node ref="SW1" pin="2"/>
    </net>
    <net code="48" name="/-">
      <node ref="P6" pin="1"/>
      <node ref="Q1" pin="3"/>
    </net>
    <net code="49" name="/motor_out">
      <node ref="Q1" pin="1"/>
      <node ref="U3" pin="48"/>
    </net>
    <net code="50" name="/uart_tx">
      <node ref="P1" pin="1"/>
      <node ref="U3" pin="45"/>
    </net>
    <net code="51" name="/uart_rx">
      <node ref="P1" pin="2"/>
      <node ref="U3" pin="46"/>
    </net>
    <net code="52" name="Net-(D3-Pad2)">
      <node ref="D3" pin="2"/>
      <node ref="R14" pin="2"/>
    </net>
    <net code="53" name="Net-(R11-Pad1)">
      <node ref="R17" pin="1"/>
      <node ref="R35" pin="1"/>
      <node ref="R32" pin="1"/>
      <node ref="R29" pin="1"/>
      <node ref="R26" pin="1"/>
      <node ref="R11" pin="1"/>
      <node ref="R23" pin="1"/>
      <node ref="R20" pin="1"/>
      <node ref="R14" pin="1"/>
    </net>
    <net code="54" name="Net-(D6-Pad2)">
      <node ref="D6" pin="2"/>
      <node ref="R17" pin="2"/>
    </net>
    <net code="55" name="Net-(D9-Pad2)">
      <node ref="D9" pin="2"/>
      <node ref="R20" pin="2"/>
    </net>
    <net code="56" name="Net-(D12-Pad2)">
      <node ref="D12" pin="2"/>
      <node ref="R23" pin="2"/>
    </net>
    <net code="57" name="Net-(D15-Pad2)">
      <node ref="D15" pin="2"/>
      <node ref="R26" pin="2"/>
    </net>
    <net code="58" name="Net-(D18-Pad2)">
      <node ref="R29" pin="2"/>
      <node ref="D18" pin="2"/>
    </net>
    <net code="59" name="Net-(D21-Pad2)">
      <node ref="R32" pin="2"/>
      <node ref="D21" pin="2"/>
    </net>
    <net code="60" name="Net-(D24-Pad2)">
      <node ref="R35" pin="2"/>
      <node ref="D24" pin="2"/>
    </net>
    <net code="61" name="/ls7">
      <node ref="U3" pin="33"/>
      <node ref="D3" pin="1"/>
    </net>
    <net code="62" name="/ls6">
      <node ref="D6" pin="1"/>
      <node ref="U3" pin="32"/>
    </net>
    <net code="63" name="/ls5">
      <node ref="D9" pin="1"/>
      <node ref="U3" pin="31"/>
    </net>
    <net code="64" name="/ls4">
      <node ref="U3" pin="30"/>
      <node ref="D12" pin="1"/>
    </net>
    <net code="65" name="Net-(D11-Pad2)">
      <node ref="R22" pin="2"/>
      <node ref="D11" pin="2"/>
    </net>
    <net code="66" name="Net-(D5-Pad2)">
      <node ref="R16" pin="2"/>
      <node ref="D5" pin="2"/>
    </net>
    <net code="67" name="Net-(D8-Pad2)">
      <node ref="D8" pin="2"/>
      <node ref="R19" pin="2"/>
    </net>
    <net code="68" name="/ls3">
      <node ref="U3" pin="29"/>
      <node ref="D15" pin="1"/>
    </net>
    <net code="69" name="Net-(D14-Pad2)">
      <node ref="D14" pin="2"/>
      <node ref="R25" pin="2"/>
    </net>
    <net code="70" name="Net-(D17-Pad2)">
      <node ref="R28" pin="2"/>
      <node ref="D17" pin="2"/>
    </net>
    <net code="71" name="Net-(D20-Pad2)">
      <node ref="R31" pin="2"/>
      <node ref="D20" pin="2"/>
    </net>
    <net code="72" name="Net-(D23-Pad2)">
      <node ref="D23" pin="2"/>
      <node ref="R34" pin="2"/>
    </net>
    <net code="73" name="/ls2">
      <node ref="U3" pin="28"/>
      <node ref="D18" pin="1"/>
    </net>
    <net code="74" name="/ls1">
      <node ref="D21" pin="1"/>
      <node ref="U3" pin="27"/>
    </net>
    <net code="75" name="/ls0">
      <node ref="D24" pin="1"/>
      <node ref="U3" pin="26"/>
    </net>
    <net code="76" name="Net-(C5-Pad2)">
      <node ref="U3" pin="17"/>
      <node ref="C5" pin="2"/>
    </net>
    <net code="77" name="Net-(C17-Pad1)">
      <node ref="X2" pin="1"/>
      <node ref="U5" pin="10"/>
      <node ref="R8" pin="1"/>
      <node ref="C17" pin="1"/>
    </net>
    <net code="78" name="Net-(C11-Pad1)">
      <node ref="R8" pin="2"/>
      <node ref="U5" pin="9"/>
      <node ref="X2" pin="2"/>
      <node ref="C11" pin="1"/>
    </net>
    <net code="79" name="Net-(U6-Pad13)">
      <node ref="U6" pin="13"/>
    </net>
    <net code="80" name="Net-(U6-Pad15)">
      <node ref="U6" pin="15"/>
    </net>
    <net code="81" name="Net-(U3-Pad53)">
      <node ref="U3" pin="53"/>
    </net>
    <net code="82" name="Net-(U3-Pad54)">
      <node ref="U3" pin="54"/>
    </net>
    <net code="83" name="Net-(U3-Pad55)">
      <node ref="U3" pin="55"/>
    </net>
    <net code="84" name="Net-(U3-Pad36)">
      <node ref="U3" pin="36"/>
    </net>
    <net code="85" name="Net-(U3-Pad37)">
      <node ref="U3" pin="37"/>
    </net>
    <net code="86" name="Net-(U3-Pad9)">
      <node ref="U3" pin="9"/>
    </net>
    <net code="87" name="Net-(U3-Pad10)">
      <node ref="U3" pin="10"/>
    </net>
    <net code="88" name="Net-(U4-Pad6)">
      <node ref="U4" pin="6"/>
    </net>
    <net code="89" name="Net-(U4-Pad7)">
      <node ref="U4" pin="7"/>
    </net>
    <net code="91" name="Net-(U3-Pad38)">
      <node ref="U3" pin="38"/>
    </net>
    <net code="92" name="Net-(U1-Pad2)">
      <node ref="U1" pin="2"/>
    </net>
    <net code="93" name="Net-(U1-Pad3)">
      <node ref="U1" pin="3"/>
    </net>
    <net code="94" name="Net-(C9-Pad2)">
      <node ref="C9" pin="2"/>
      <node ref="X1" pin="1"/>
      <node ref="U3" pin="13"/>
    </net>
    <net code="95" name="Net-(C6-Pad2)">
      <node ref="C6" pin="2"/>
      <node ref="X1" pin="2"/>
      <node ref="U3" pin="12"/>
    </net>
    <net code="96" name="/lm7">
      <node ref="D2" pin="1"/>
      <node ref="U3" pin="25"/>
    </net>
    <net code="97" name="/lh2">
      <node ref="D16" pin="1"/>
      <node ref="U3" pin="3"/>
    </net>
    <net code="98" name="/lh0">
      <node ref="D22" pin="1"/>
      <node ref="U3" pin="1"/>
    </net>
    <net code="99" name="/lh1">
      <node ref="D19" pin="1"/>
      <node ref="U3" pin="2"/>
    </net>
    <net code="100" name="/lh3">
      <node ref="U3" pin="4"/>
      <node ref="D13" pin="1"/>
    </net>
    <net code="101" name="/lh4">
      <node ref="U3" pin="5"/>
      <node ref="D10" pin="1"/>
    </net>
    <net code="102" name="/lh5">
      <node ref="U3" pin="6"/>
      <node ref="D7" pin="1"/>
    </net>
    <net code="103" name="/lh6">
      <node ref="U3" pin="7"/>
      <node ref="D4" pin="1"/>
    </net>
    <net code="104" name="/lh7">
      <node ref="U3" pin="8"/>
      <node ref="D1" pin="1"/>
    </net>
    <net code="105" name="/lm0">
      <node ref="D23" pin="1"/>
      <node ref="U3" pin="18"/>
    </net>
    <net code="106" name="/lm1">
      <node ref="D20" pin="1"/>
      <node ref="U3" pin="19"/>
    </net>
    <net code="107" name="/lm2">
      <node ref="D17" pin="1"/>
      <node ref="U3" pin="20"/>
    </net>
    <net code="108" name="/lm3">
      <node ref="D14" pin="1"/>
      <node ref="U3" pin="21"/>
    </net>
    <net code="109" name="/lm4">
      <node ref="D11" pin="1"/>
      <node ref="U3" pin="22"/>
    </net>
    <net code="110" name="/lm5">
      <node ref="D8" pin="1"/>
      <node ref="U3" pin="23"/>
    </net>
    <net code="111" name="/lm6">
      <node ref="D5" pin="1"/>
      <node ref="U3" pin="24"/>
    </net>
  </nets>
</export>
