<?xml version="1.0" encoding="UTF-8"?>
<export version="D">
  <design>
    <source>/home/john/Dropbox/Personal/a1rstudios/projects/Hardware/GuitarFM/v2/KiCad/GuitarFM.sch</source>
    <date>lun. 06 avril 2015 17:18:53 CEST</date>
    <tool>Eeschema (2015-03-11 BZR 5505)-product</tool>
    <sheet number="1" name="/" tstamps="/">
      <title_block>
        <title>GuitarFM</title>
        <company>FGE Audio</company>
        <rev>V2-Aug-2014</rev>
        <date>02 Aug 2014</date>
        <source>GuitarFM.sch</source>
        <comment number="1" value="Designed by Jonathan Rico"/>
        <comment number="2" value=""/>
        <comment number="3" value=""/>
        <comment number="4" value=""/>
      </title_block>
    </sheet>
  </design>
  <components>
    <comp ref="U1">
      <value>TLC59282</value>
      <footprint>SSOP24-L</footprint>
      <libsource lib="KiCad-FGE-lib" part="TLC59282"/>
      <sheetpath names="/" tstamps="/"/>
      <tstamp>54195606</tstamp>
    </comp>
    <comp ref="U7">
      <value>LTC-4727JR</value>
      <footprint>LTC-4727JR</footprint>
      <libsource lib="KiCad-FGE-lib" part="LTC-4727JR"/>
      <sheetpath names="/" tstamps="/"/>
      <tstamp>54195615</tstamp>
    </comp>
    <comp ref="Q1">
      <value>MOSFET_P</value>
      <footprint>SOT23GDS</footprint>
      <libsource lib="GuitarFM-cache" part="MOSFET_P"/>
      <sheetpath names="/" tstamps="/"/>
      <tstamp>54195624</tstamp>
    </comp>
    <comp ref="Q2">
      <value>MOSFET_P</value>
      <footprint>SOT23GDS</footprint>
      <libsource lib="GuitarFM-cache" part="MOSFET_P"/>
      <sheetpath names="/" tstamps="/"/>
      <tstamp>54195633</tstamp>
    </comp>
    <comp ref="Q3">
      <value>MOSFET_P</value>
      <footprint>SOT23GDS</footprint>
      <libsource lib="GuitarFM-cache" part="MOSFET_P"/>
      <sheetpath names="/" tstamps="/"/>
      <tstamp>54195692</tstamp>
    </comp>
    <comp ref="Q4">
      <value>MOSFET_P</value>
      <footprint>SOT23GDS</footprint>
      <libsource lib="GuitarFM-cache" part="MOSFET_P"/>
      <sheetpath names="/" tstamps="/"/>
      <tstamp>54195698</tstamp>
    </comp>
    <comp ref="R1">
      <value>100K</value>
      <footprint>SM0603</footprint>
      <libsource lib="device" part="R"/>
      <sheetpath names="/" tstamps="/"/>
      <tstamp>54195CD2</tstamp>
    </comp>
    <comp ref="R2">
      <value>22K</value>
      <footprint>SM0603</footprint>
      <libsource lib="device" part="R"/>
      <sheetpath names="/" tstamps="/"/>
      <tstamp>541960B3</tstamp>
    </comp>
    <comp ref="R15">
      <value>10K</value>
      <footprint>SM0603</footprint>
      <libsource lib="device" part="R"/>
      <sheetpath names="/" tstamps="/"/>
      <tstamp>5419B19D</tstamp>
    </comp>
    <comp ref="C14">
      <value>0.1uF</value>
      <footprint>SM0603_Capa</footprint>
      <libsource lib="device" part="C"/>
      <sheetpath names="/" tstamps="/"/>
      <tstamp>5419B3EA</tstamp>
    </comp>
    <comp ref="R12">
      <value>10K</value>
      <footprint>SM0603</footprint>
      <libsource lib="device" part="R"/>
      <sheetpath names="/" tstamps="/"/>
      <tstamp>5419BB22</tstamp>
    </comp>
    <comp ref="U3">
      <value>BQ24072</value>
      <footprint>QFN16</footprint>
      <libsource lib="KiCad-FGE-lib" part="BQ24072"/>
      <sheetpath names="/" tstamps="/"/>
      <tstamp>5419BEB2</tstamp>
    </comp>
    <comp ref="C2">
      <value>1uF</value>
      <footprint>SM1206</footprint>
      <libsource lib="device" part="C"/>
      <sheetpath names="/" tstamps="/"/>
      <tstamp>5419BEC1</tstamp>
    </comp>
    <comp ref="D3">
      <value>LED</value>
      <footprint>LEDs:LED-0603</footprint>
      <libsource lib="device" part="LED"/>
      <sheetpath names="/" tstamps="/"/>
      <tstamp>5419C192</tstamp>
    </comp>
    <comp ref="D4">
      <value>LED</value>
      <footprint>LEDs:LED-0603</footprint>
      <libsource lib="device" part="LED"/>
      <sheetpath names="/" tstamps="/"/>
      <tstamp>5419C19F</tstamp>
    </comp>
    <comp ref="R6">
      <value>1K</value>
      <footprint>SM0603</footprint>
      <libsource lib="device" part="R"/>
      <sheetpath names="/" tstamps="/"/>
      <tstamp>5419C1B1</tstamp>
    </comp>
    <comp ref="R8">
      <value>1K</value>
      <footprint>SM0603</footprint>
      <libsource lib="device" part="R"/>
      <sheetpath names="/" tstamps="/"/>
      <tstamp>5419C1BE</tstamp>
    </comp>
    <comp ref="R5">
      <value>1.13K</value>
      <footprint>SM0603</footprint>
      <libsource lib="device" part="R"/>
      <sheetpath names="/" tstamps="/"/>
      <tstamp>5419C8F7</tstamp>
    </comp>
    <comp ref="R4">
      <value>1.18K</value>
      <footprint>SM0603</footprint>
      <libsource lib="device" part="R"/>
      <sheetpath names="/" tstamps="/"/>
      <tstamp>5419C904</tstamp>
    </comp>
    <comp ref="C5">
      <value>4.7uF</value>
      <footprint>Capacitors_SMD:c_elec_4x4.5</footprint>
      <libsource lib="device" part="C"/>
      <sheetpath names="/" tstamps="/"/>
      <tstamp>5419CDDB</tstamp>
    </comp>
    <comp ref="C6">
      <value>4.7uF</value>
      <footprint>Capacitors_SMD:c_elec_4x4.5</footprint>
      <libsource lib="device" part="C"/>
      <sheetpath names="/" tstamps="/"/>
      <tstamp>5419CDE8</tstamp>
    </comp>
    <comp ref="U8">
      <value>LM3668</value>
      <footprint>WSON-12</footprint>
      <libsource lib="KiCad-FGE-lib" part="LM3668"/>
      <sheetpath names="/" tstamps="/"/>
      <tstamp>5419D815</tstamp>
    </comp>
    <comp ref="L1">
      <value>2.2uH</value>
      <footprint>SM1210</footprint>
      <libsource lib="device" part="INDUCTOR"/>
      <sheetpath names="/" tstamps="/"/>
      <tstamp>5419D8C8</tstamp>
    </comp>
    <comp ref="C7">
      <value>10uF</value>
      <footprint>Capacitors_SMD:c_elec_4x4.5</footprint>
      <libsource lib="device" part="C"/>
      <sheetpath names="/" tstamps="/"/>
      <tstamp>5419DED5</tstamp>
    </comp>
    <comp ref="C10">
      <value>22uF</value>
      <footprint>Capacitors_SMD:c_elec_5x5.7</footprint>
      <libsource lib="device" part="C"/>
      <sheetpath names="/" tstamps="/"/>
      <tstamp>5419E19D</tstamp>
    </comp>
    <comp ref="U10">
      <value>LM2660</value>
      <footprint>SSOP8</footprint>
      <libsource lib="KiCad-FGE-lib" part="LM2660"/>
      <sheetpath names="/" tstamps="/"/>
      <tstamp>54227E47</tstamp>
    </comp>
    <comp ref="C18">
      <value>100uF</value>
      <footprint>Capacitors_SMD:c_elec_6.3x7.7</footprint>
      <libsource lib="GuitarFM-cache" part="CAPAPOL"/>
      <sheetpath names="/" tstamps="/"/>
      <tstamp>542283CB</tstamp>
    </comp>
    <comp ref="C13">
      <value>100uF</value>
      <footprint>Capacitors_SMD:c_elec_6.3x7.7</footprint>
      <libsource lib="GuitarFM-cache" part="CAPAPOL"/>
      <sheetpath names="/" tstamps="/"/>
      <tstamp>542283DA</tstamp>
    </comp>
    <comp ref="IC1">
      <value>ATMEGA328-P</value>
      <footprint>TQFP32</footprint>
      <libsource lib="atmel" part="ATMEGA328-P"/>
      <sheetpath names="/" tstamps="/"/>
      <tstamp>5422892D</tstamp>
    </comp>
    <comp ref="C19">
      <value>1uF</value>
      <footprint>SM1206</footprint>
      <libsource lib="device" part="C"/>
      <sheetpath names="/" tstamps="/"/>
      <tstamp>54228C9F</tstamp>
    </comp>
    <comp ref="R31">
      <value>4.7k</value>
      <footprint>SM0603</footprint>
      <libsource lib="device" part="R"/>
      <sheetpath names="/" tstamps="/"/>
      <tstamp>542295AF</tstamp>
    </comp>
    <comp ref="R30">
      <value>4.7k</value>
      <footprint>SM0603</footprint>
      <libsource lib="device" part="R"/>
      <sheetpath names="/" tstamps="/"/>
      <tstamp>542295BC</tstamp>
    </comp>
    <comp ref="C22">
      <value>0.1uF</value>
      <footprint>SM0603_Capa</footprint>
      <libsource lib="device" part="C"/>
      <sheetpath names="/" tstamps="/"/>
      <tstamp>54229E73</tstamp>
    </comp>
    <comp ref="R32">
      <value>10k</value>
      <footprint>SM0603</footprint>
      <libsource lib="device" part="R"/>
      <sheetpath names="/" tstamps="/"/>
      <tstamp>54229F6C</tstamp>
    </comp>
    <comp ref="X1">
      <value>8MHz</value>
      <footprint>Crystals_Oscillators_SMD:Q_49U3HMS</footprint>
      <libsource lib="device" part="CRYSTAL_SMD"/>
      <sheetpath names="/" tstamps="/"/>
      <tstamp>5422B6E2</tstamp>
    </comp>
    <comp ref="C23">
      <value>18pF</value>
      <footprint>SM0603_Capa</footprint>
      <libsource lib="device" part="C"/>
      <sheetpath names="/" tstamps="/"/>
      <tstamp>5422B9FE</tstamp>
    </comp>
    <comp ref="C24">
      <value>18pF</value>
      <footprint>SM0603_Capa</footprint>
      <libsource lib="device" part="C"/>
      <sheetpath names="/" tstamps="/"/>
      <tstamp>5422BA17</tstamp>
    </comp>
    <comp ref="R34">
      <value>1M</value>
      <footprint>SM0603</footprint>
      <libsource lib="device" part="R"/>
      <sheetpath names="/" tstamps="/"/>
      <tstamp>5422BA1F</tstamp>
    </comp>
    <comp ref="ISP1">
      <value>ISP-6PIN-ATMEL</value>
      <footprint>pin_array_3x2</footprint>
      <libsource lib="KiCad-FGE-lib" part="ISP-6PIN-ATMEL"/>
      <sheetpath names="/" tstamps="/"/>
      <tstamp>5422C4DC</tstamp>
    </comp>
    <comp ref="CN1">
      <value>FTDI-6PIN</value>
      <footprint>SIL-6</footprint>
      <libsource lib="KiCad-FGE-lib" part="FTDI-6PIN"/>
      <sheetpath names="/" tstamps="/"/>
      <tstamp>5422D02A</tstamp>
    </comp>
    <comp ref="P1">
      <value>CONN_2</value>
      <footprint>SIL-2</footprint>
      <libsource lib="GuitarFM-cache" part="CONN_2"/>
      <sheetpath names="/" tstamps="/"/>
      <tstamp>5422DAC7</tstamp>
    </comp>
    <comp ref="D1">
      <value>DIODE</value>
      <footprint>LEDs:LED-0603</footprint>
      <libsource lib="GuitarFM-cache" part="DIODE"/>
      <sheetpath names="/" tstamps="/"/>
      <tstamp>5422DD21</tstamp>
    </comp>
    <comp ref="D2">
      <value>DIODE</value>
      <footprint>LEDs:LED-0603</footprint>
      <libsource lib="GuitarFM-cache" part="DIODE"/>
      <sheetpath names="/" tstamps="/"/>
      <tstamp>5422DD2E</tstamp>
    </comp>
    <comp ref="C3">
      <value>200nF</value>
      <footprint>SM0603_Capa</footprint>
      <libsource lib="device" part="C"/>
      <sheetpath names="/" tstamps="/"/>
      <tstamp>5422DE56</tstamp>
    </comp>
    <comp ref="U5">
      <value>4052</value>
      <footprint>TSSOP16</footprint>
      <libsource lib="cmos4000" part="4052"/>
      <sheetpath names="/" tstamps="/"/>
      <tstamp>5422E7F4</tstamp>
    </comp>
    <comp ref="R10">
      <value>1M</value>
      <footprint>SM0603</footprint>
      <libsource lib="device" part="R"/>
      <sheetpath names="/" tstamps="/"/>
      <tstamp>5422F036</tstamp>
    </comp>
    <comp ref="U2">
      <value>AD822</value>
      <footprint>SO8E</footprint>
      <libsource lib="KiCad-FGE-lib" part="AD822"/>
      <sheetpath names="/" tstamps="/"/>
      <tstamp>5423064D</tstamp>
    </comp>
    <comp ref="R3">
      <value>20k</value>
      <footprint>SM0603</footprint>
      <libsource lib="device" part="R"/>
      <sheetpath names="/" tstamps="/"/>
      <tstamp>54230A5E</tstamp>
    </comp>
    <comp ref="U4">
      <value>MCP4017</value>
      <footprint>SC70-6</footprint>
      <libsource lib="KiCad-FGE-lib" part="MCP4017"/>
      <sheetpath names="/" tstamps="/"/>
      <tstamp>54230D14</tstamp>
    </comp>
    <comp ref="U12">
      <value>SI4713</value>
      <footprint>Si4713</footprint>
      <libsource lib="KiCad-FGE-lib" part="SI4713"/>
      <sheetpath names="/" tstamps="/"/>
      <tstamp>5426C1BF</tstamp>
    </comp>
    <comp ref="U13">
      <value>OSC-TC25</value>
      <footprint>OSC-TC25</footprint>
      <libsource lib="KiCad-FGE-lib" part="OSC-TC25"/>
      <sheetpath names="/" tstamps="/"/>
      <tstamp>5426C1CE</tstamp>
    </comp>
    <comp ref="R33">
      <value>1M</value>
      <footprint>SM0603</footprint>
      <libsource lib="device" part="R"/>
      <sheetpath names="/" tstamps="/"/>
      <tstamp>5426C72B</tstamp>
    </comp>
    <comp ref="C_OSC1">
      <value>10nF</value>
      <footprint>SM0603_Capa</footprint>
      <libsource lib="device" part="C"/>
      <sheetpath names="/" tstamps="/"/>
      <tstamp>5426E301</tstamp>
    </comp>
    <comp ref="C25">
      <value>0.47uF</value>
      <footprint>SM0603_Capa</footprint>
      <libsource lib="device" part="C"/>
      <sheetpath names="/" tstamps="/"/>
      <tstamp>5426E780</tstamp>
    </comp>
    <comp ref="C26">
      <value>0.47uF</value>
      <footprint>SM0603_Capa</footprint>
      <libsource lib="device" part="C"/>
      <sheetpath names="/" tstamps="/"/>
      <tstamp>5426E799</tstamp>
    </comp>
    <comp ref="P2">
      <value>Antenna</value>
      <footprint>SIL-1</footprint>
      <libsource lib="GuitarFM-cache" part="CONNECTOR"/>
      <sheetpath names="/" tstamps="/"/>
      <tstamp>5426ED70</tstamp>
    </comp>
    <comp ref="L2">
      <value>120nH</value>
      <footprint>SM0603</footprint>
      <libsource lib="device" part="INDUCTOR"/>
      <sheetpath names="/" tstamps="/"/>
      <tstamp>5426EEF2</tstamp>
    </comp>
    <comp ref="C_FM1">
      <value>22nF</value>
      <footprint>SM0603_Capa</footprint>
      <libsource lib="device" part="C"/>
      <sheetpath names="/" tstamps="/"/>
      <tstamp>5426F208</tstamp>
    </comp>
    <comp ref="C4">
      <value>100uF</value>
      <footprint>Capacitors_SMD:c_elec_6.3x7.7</footprint>
      <libsource lib="GuitarFM-cache" part="CAPAPOL"/>
      <sheetpath names="/" tstamps="/"/>
      <tstamp>5427008D</tstamp>
    </comp>
    <comp ref="D5">
      <value>DIODE</value>
      <footprint>Discret:D3</footprint>
      <libsource lib="GuitarFM-cache" part="DIODE"/>
      <sheetpath names="/" tstamps="/"/>
      <tstamp>54270428</tstamp>
    </comp>
    <comp ref="D6">
      <value>DIODE</value>
      <footprint>Discret:D3</footprint>
      <libsource lib="GuitarFM-cache" part="DIODE"/>
      <sheetpath names="/" tstamps="/"/>
      <tstamp>5427043F</tstamp>
    </comp>
    <comp ref="C1">
      <value>100nF</value>
      <footprint>SM0603_Capa</footprint>
      <libsource lib="device" part="C"/>
      <sheetpath names="/" tstamps="/"/>
      <tstamp>54271AF4</tstamp>
    </comp>
    <comp ref="U6">
      <value>PHOTORESISTOR</value>
      <footprint>Divers:OPTORESISTOR_NSL-32</footprint>
      <libsource lib="device" part="PHOTORESISTOR"/>
      <sheetpath names="/" tstamps="/"/>
      <tstamp>5434F3C3</tstamp>
    </comp>
    <comp ref="R9">
      <value>220</value>
      <footprint>SM0603</footprint>
      <libsource lib="device" part="R"/>
      <sheetpath names="/" tstamps="/"/>
      <tstamp>5434F70B</tstamp>
    </comp>
    <comp ref="U11">
      <value>AD822</value>
      <footprint>SO8E</footprint>
      <libsource lib="KiCad-FGE-lib" part="AD822"/>
      <sheetpath names="/" tstamps="/"/>
      <tstamp>5434FF8A</tstamp>
    </comp>
    <comp ref="R28">
      <value>4.7k</value>
      <footprint>SM0603</footprint>
      <libsource lib="device" part="R"/>
      <sheetpath names="/" tstamps="/"/>
      <tstamp>543502F7</tstamp>
    </comp>
    <comp ref="R23">
      <value>4.7k</value>
      <footprint>SM0603</footprint>
      <libsource lib="device" part="R"/>
      <sheetpath names="/" tstamps="/"/>
      <tstamp>54350315</tstamp>
    </comp>
    <comp ref="D8">
      <value>DIODE</value>
      <footprint>SOT23</footprint>
      <libsource lib="GuitarFM-cache" part="DIODE"/>
      <sheetpath names="/" tstamps="/"/>
      <tstamp>543509A0</tstamp>
    </comp>
    <comp ref="C21">
      <value>3.3uF</value>
      <footprint>Capacitors_SMD:c_elec_4x4.5</footprint>
      <libsource lib="GuitarFM-cache" part="CAPAPOL"/>
      <sheetpath names="/" tstamps="/"/>
      <tstamp>54351399</tstamp>
    </comp>
    <comp ref="R29">
      <value>170k</value>
      <footprint>SM0603</footprint>
      <libsource lib="device" part="R"/>
      <sheetpath names="/" tstamps="/"/>
      <tstamp>543516F4</tstamp>
    </comp>
    <comp ref="R22">
      <value>100k</value>
      <footprint>SM0603</footprint>
      <libsource lib="device" part="R"/>
      <sheetpath names="/" tstamps="/"/>
      <tstamp>54351A55</tstamp>
    </comp>
    <comp ref="R19">
      <value>2.7k</value>
      <footprint>SM0603</footprint>
      <libsource lib="device" part="R"/>
      <sheetpath names="/" tstamps="/"/>
      <tstamp>54351C0C</tstamp>
    </comp>
    <comp ref="C16">
      <value>10pF</value>
      <footprint>SM0603_Capa</footprint>
      <libsource lib="device" part="C"/>
      <sheetpath names="/" tstamps="/"/>
      <tstamp>54352124</tstamp>
    </comp>
    <comp ref="R24">
      <value>200k</value>
      <footprint>SM0603</footprint>
      <libsource lib="device" part="R"/>
      <sheetpath names="/" tstamps="/"/>
      <tstamp>543522E0</tstamp>
    </comp>
    <comp ref="C17">
      <value>15nF</value>
      <footprint>SM0603_Capa</footprint>
      <libsource lib="device" part="C"/>
      <sheetpath names="/" tstamps="/"/>
      <tstamp>543529B3</tstamp>
    </comp>
    <comp ref="R25">
      <value>2.7k</value>
      <footprint>SM0603</footprint>
      <libsource lib="device" part="R"/>
      <sheetpath names="/" tstamps="/"/>
      <tstamp>54352D3F</tstamp>
    </comp>
    <comp ref="D7">
      <value>DIODE</value>
      <footprint>SOT23</footprint>
      <libsource lib="GuitarFM-cache" part="DIODE"/>
      <sheetpath names="/" tstamps="/"/>
      <tstamp>54352F06</tstamp>
    </comp>
    <comp ref="R27">
      <value>4.7k</value>
      <footprint>SM0603</footprint>
      <libsource lib="device" part="R"/>
      <sheetpath names="/" tstamps="/"/>
      <tstamp>543530C9</tstamp>
    </comp>
    <comp ref="C20">
      <value>1uF</value>
      <footprint>SM1206POL</footprint>
      <libsource lib="GuitarFM-cache" part="CAPAPOL"/>
      <sheetpath names="/" tstamps="/"/>
      <tstamp>543540CC</tstamp>
    </comp>
    <comp ref="R26">
      <value>3.9M</value>
      <footprint>SM0603</footprint>
      <libsource lib="device" part="R"/>
      <sheetpath names="/" tstamps="/"/>
      <tstamp>543540DB</tstamp>
    </comp>
    <comp ref="C12">
      <value>47uF</value>
      <footprint>Capacitors_SMD:c_elec_6.3x7.7</footprint>
      <libsource lib="GuitarFM-cache" part="CAPAPOL"/>
      <sheetpath names="/" tstamps="/"/>
      <tstamp>543547F7</tstamp>
    </comp>
    <comp ref="Q5">
      <value>2N5459</value>
      <footprint>SOT23DGS</footprint>
      <libsource lib="GuitarFM-cache" part="MOSFET_N"/>
      <sheetpath names="/" tstamps="/"/>
      <tstamp>54354F5A</tstamp>
    </comp>
    <comp ref="C11">
      <value>10uF</value>
      <footprint>Capacitors_SMD:c_elec_4x4.5</footprint>
      <libsource lib="GuitarFM-cache" part="CAPAPOL"/>
      <sheetpath names="/" tstamps="/"/>
      <tstamp>543554C7</tstamp>
    </comp>
    <comp ref="R17">
      <value>39k</value>
      <footprint>SM0603</footprint>
      <libsource lib="device" part="R"/>
      <sheetpath names="/" tstamps="/"/>
      <tstamp>54355873</tstamp>
    </comp>
    <comp ref="R16">
      <value>2.2k</value>
      <footprint>SM0603</footprint>
      <libsource lib="device" part="R"/>
      <sheetpath names="/" tstamps="/"/>
      <tstamp>54355C1C</tstamp>
    </comp>
    <comp ref="R13">
      <value>10k</value>
      <footprint>SM0603</footprint>
      <libsource lib="device" part="R"/>
      <sheetpath names="/" tstamps="/"/>
      <tstamp>54355FD6</tstamp>
    </comp>
    <comp ref="R18">
      <value>1M</value>
      <footprint>SM0603</footprint>
      <libsource lib="device" part="R"/>
      <sheetpath names="/" tstamps="/"/>
      <tstamp>54356395</tstamp>
    </comp>
    <comp ref="R14">
      <value>10k</value>
      <footprint>SM0603</footprint>
      <libsource lib="device" part="R"/>
      <sheetpath names="/" tstamps="/"/>
      <tstamp>543563A4</tstamp>
    </comp>
    <comp ref="R_LIM_ADJ1">
      <value>4.7k</value>
      <footprint>SM0603</footprint>
      <libsource lib="device" part="R"/>
      <sheetpath names="/" tstamps="/"/>
      <tstamp>5435693D</tstamp>
    </comp>
    <comp ref="C9">
      <value>100uF</value>
      <footprint>Capacitors_SMD:c_elec_6.3x7.7</footprint>
      <libsource lib="GuitarFM-cache" part="CAPAPOL"/>
      <sheetpath names="/" tstamps="/"/>
      <tstamp>54356CFC</tstamp>
    </comp>
    <comp ref="SW1">
      <value>SPST</value>
      <footprint>SIL-2</footprint>
      <libsource lib="device" part="SPST"/>
      <sheetpath names="/" tstamps="/"/>
      <tstamp>543D77D2</tstamp>
    </comp>
    <comp ref="BT1">
      <value>BATTERY</value>
      <footprint>SIL-2</footprint>
      <libsource lib="GuitarFM-cache" part="BATTERY"/>
      <sheetpath names="/" tstamps="/"/>
      <tstamp>543D77F4</tstamp>
    </comp>
    <comp ref="SW-A1">
      <value>SW_PUSH</value>
      <footprint>TL3315</footprint>
      <libsource lib="device" part="SW_PUSH"/>
      <sheetpath names="/" tstamps="/"/>
      <tstamp>5449014B</tstamp>
    </comp>
    <comp ref="R35">
      <value>10K</value>
      <footprint>SM0603</footprint>
      <libsource lib="device" part="R"/>
      <sheetpath names="/" tstamps="/"/>
      <tstamp>5449018C</tstamp>
    </comp>
    <comp ref="SW-B1">
      <value>SW_PUSH</value>
      <footprint>TL3315</footprint>
      <libsource lib="device" part="SW_PUSH"/>
      <sheetpath names="/" tstamps="/"/>
      <tstamp>54490192</tstamp>
    </comp>
    <comp ref="R36">
      <value>10K</value>
      <footprint>SM0603</footprint>
      <libsource lib="device" part="R"/>
      <sheetpath names="/" tstamps="/"/>
      <tstamp>544901B0</tstamp>
    </comp>
    <comp ref="SW-C1">
      <value>SW_PUSH</value>
      <footprint>TL3315</footprint>
      <libsource lib="device" part="SW_PUSH"/>
      <sheetpath names="/" tstamps="/"/>
      <tstamp>544901B6</tstamp>
    </comp>
    <comp ref="R20">
      <value>10K</value>
      <footprint>SM0603</footprint>
      <libsource lib="device" part="R"/>
      <sheetpath names="/" tstamps="/"/>
      <tstamp>544901BC</tstamp>
    </comp>
    <comp ref="R21">
      <value>10K</value>
      <footprint>SM0603</footprint>
      <libsource lib="device" part="R"/>
      <sheetpath names="/" tstamps="/"/>
      <tstamp>544901C2</tstamp>
    </comp>
    <comp ref="C8">
      <value>0.1uF</value>
      <footprint>SM0603_Capa</footprint>
      <libsource lib="device" part="C"/>
      <sheetpath names="/" tstamps="/"/>
      <tstamp>5449078C</tstamp>
    </comp>
    <comp ref="C15">
      <value>0.1uF</value>
      <footprint>SM0603_Capa</footprint>
      <libsource lib="device" part="C"/>
      <sheetpath names="/" tstamps="/"/>
      <tstamp>54490792</tstamp>
    </comp>
    <comp ref="P3">
      <value>CONN_1</value>
      <footprint>1PIN_SMD</footprint>
      <libsource lib="GuitarFM-cache" part="CONN_1"/>
      <sheetpath names="/" tstamps="/"/>
      <tstamp>54494614</tstamp>
    </comp>
    <comp ref="J1">
      <value>USB</value>
      <footprint>USB_MICRO_B</footprint>
      <libsource lib="conn" part="USB"/>
      <sheetpath names="/" tstamps="/"/>
      <tstamp>54496306</tstamp>
    </comp>
    <comp ref="R40">
      <value>10k</value>
      <footprint>Resistors_SMD:R_0603</footprint>
      <libsource lib="device" part="R"/>
      <sheetpath names="/" tstamps="/"/>
      <tstamp>55224AD6</tstamp>
    </comp>
    <comp ref="R39">
      <value>10k</value>
      <footprint>Resistors_SMD:R_0603</footprint>
      <libsource lib="device" part="R"/>
      <sheetpath names="/" tstamps="/"/>
      <tstamp>55224B7A</tstamp>
    </comp>
    <comp ref="R38">
      <value>10k</value>
      <footprint>Resistors_SMD:R_0603</footprint>
      <libsource lib="device" part="R"/>
      <sheetpath names="/" tstamps="/"/>
      <tstamp>55224C7F</tstamp>
    </comp>
    <comp ref="R37">
      <value>10k</value>
      <footprint>Resistors_SMD:R_0603</footprint>
      <libsource lib="device" part="R"/>
      <sheetpath names="/" tstamps="/"/>
      <tstamp>55224D07</tstamp>
    </comp>
    <comp ref="R7">
      <value>1M</value>
      <libsource lib="device" part="R"/>
      <sheetpath names="/" tstamps="/"/>
      <tstamp>55275491</tstamp>
    </comp>
  </components>
  <libparts>
    <libpart lib="device" part="INDUCTOR">
      <fields>
        <field name="Reference">L</field>
        <field name="Value">INDUCTOR</field>
      </fields>
      <pins>
        <pin num="1" name="1" type="passive"/>
        <pin num="2" name="2" type="passive"/>
      </pins>
    </libpart>
    <libpart lib="atmel" part="ATMEGA168A-P">
      <aliases>
        <alias>ATMEGA48A-P</alias>
        <alias>ATMEGA48PA-P</alias>
        <alias>ATMEGA88A-P</alias>
        <alias>ATMEGA88PA-P</alias>
        <alias>ATMEGA168PA-P</alias>
        <alias>ATMEGA328-P</alias>
        <alias>ATMEGA328P-P</alias>
      </aliases>
      <description>ATMEGA168A, PDIP28 Narrow, 16k Flash, 1kB SRAM, 512B EEPROM</description>
      <docs>http://www.atmel.com/images/atmel-8271-8-bit-avr-microcontroller-atmega48a-48pa-88a-88pa-168a-168pa-328-328p_datasheet.pdf</docs>
      <footprints>
        <fp>28DIP-ELL600</fp>
        <fp>28dip600</fp>
      </footprints>
      <fields>
        <field name="Reference">IC</field>
        <field name="Value">ATMEGA168A-P</field>
        <field name="Footprint">DIL28</field>
      </fields>
      <pins>
        <pin num="1" name="(PCINT14/~RESET~)PC6" type="BiDi"/>
        <pin num="2" name="(PCINT16/RXD)PD0" type="BiDi"/>
        <pin num="3" name="(PCINT17/TXD)PD1" type="BiDi"/>
        <pin num="4" name="(PCINT18/INT0)PD2" type="BiDi"/>
        <pin num="5" name="(PCINT19/OC2B/INT1)PD3" type="BiDi"/>
        <pin num="6" name="(PCINT20/XCK/T0)PD4" type="BiDi"/>
        <pin num="7" name="VCC" type="power_in"/>
        <pin num="8" name="GND" type="power_in"/>
        <pin num="9" name="(PCINT6/XTAL1/TOSC1)PB6" type="BiDi"/>
        <pin num="10" name="(PCINT7/XTAL2/TOSC2)PB7" type="BiDi"/>
        <pin num="11" name="(PCINT21/OC0B/T1)PD5" type="BiDi"/>
        <pin num="12" name="(PCINT22/OC0A/AIN0)PD6" type="BiDi"/>
        <pin num="13" name="(PCINT23/AIN1)PD7" type="BiDi"/>
        <pin num="14" name="(PCINT0/CLKO/ICP1)PB0" type="BiDi"/>
        <pin num="15" name="(PCINT1/OC1A)PB1" type="BiDi"/>
        <pin num="16" name="(PCINT2/OC1B/~SS~)PB2" type="BiDi"/>
        <pin num="17" name="(PCINT3/OC2A/MOSI)PB3" type="BiDi"/>
        <pin num="18" name="(PCINT4/MISO)PB4" type="BiDi"/>
        <pin num="19" name="(PCINT5/SCK)PB5" type="BiDi"/>
        <pin num="20" name="AVCC" type="power_in"/>
        <pin num="21" name="AREF" type="BiDi"/>
        <pin num="22" name="GND" type="power_in"/>
        <pin num="23" name="(PCINT8/ADC0)PC0" type="BiDi"/>
        <pin num="24" name="(PCINT9/ADC1)PC1" type="BiDi"/>
        <pin num="25" name="(PCINT10/ADC2)PC2" type="BiDi"/>
        <pin num="26" name="(PCINT11/ADC3)PC3" type="BiDi"/>
        <pin num="27" name="(PCINT12/SDA/ADC4)PC4" type="BiDi"/>
        <pin num="28" name="(PCINT13/SCL/ADC5)PC5" type="BiDi"/>
      </pins>
    </libpart>
    <libpart lib="KiCad-FGE-lib" part="AD822">
      <description>Low power Rail2rail Dual Opamp</description>
      <docs>Docs/AD822.pdf</docs>
      <fields>
        <field name="Reference">U</field>
        <field name="Value">AD822</field>
      </fields>
      <pins>
        <pin num="1" name="OUT2" type="output"/>
        <pin num="2" name="-IN2" type="input"/>
        <pin num="3" name="+IN2" type="input"/>
        <pin num="4" name="V-" type="power_in"/>
        <pin num="5" name="+IN2" type="input"/>
        <pin num="6" name="-IN2" type="input"/>
        <pin num="7" name="OUT2" type="output"/>
        <pin num="8" name="V+" type="power_in"/>
      </pins>
    </libpart>
    <libpart lib="KiCad-FGE-lib" part="BQ24072">
      <description>1.5A usb Li-ion charger and PPM IC</description>
      <docs>Docs/bq24072.pdf</docs>
      <fields>
        <field name="Reference">U</field>
        <field name="Value">BQ24072</field>
      </fields>
      <pins>
        <pin num="1" name="SENSE" type="input"/>
        <pin num="2" name="BAT" type="input"/>
        <pin num="3" name="BAT" type="input"/>
        <pin num="4" name="~CE" type="input"/>
        <pin num="5" name="EN2" type="input"/>
        <pin num="7" name="PGOOD" type="input"/>
        <pin num="8" name="VSS" type="power_in"/>
        <pin num="9" name="EN1" type="input"/>
        <pin num="10" name="OUT" type="input"/>
        <pin num="11" name="OUT" type="input"/>
        <pin num="12" name="ILM" type="input"/>
        <pin num="13" name="IN" type="power_in"/>
        <pin num="14" name="TMR" type="input"/>
        <pin num="15" name="SYSOFF" type="input"/>
        <pin num="16" name="ISET" type="input"/>
      </pins>
    </libpart>
    <libpart lib="KiCad-FGE-lib" part="FTDI-6PIN">
      <fields>
        <field name="Reference">CN</field>
        <field name="Value">FTDI-6PIN</field>
      </fields>
      <pins>
        <pin num="1" name="GND" type="power_in"/>
        <pin num="2" name="CTS" type="input"/>
        <pin num="3" name="VCC" type="power_in"/>
        <pin num="4" name="TXD" type="output"/>
        <pin num="5" name="RXD" type="input"/>
        <pin num="6" name="RTS" type="input"/>
      </pins>
    </libpart>
    <libpart lib="KiCad-FGE-lib" part="ISP-6PIN-ATMEL">
      <fields>
        <field name="Reference">ISP</field>
        <field name="Value">ISP-6PIN-ATMEL</field>
      </fields>
      <pins>
        <pin num="1" name="MISO" type="input"/>
        <pin num="2" name="VCC" type="power_in"/>
        <pin num="3" name="SCK" type="input"/>
        <pin num="4" name="MOSI" type="input"/>
        <pin num="5" name="RST" type="input"/>
        <pin num="6" name="GND" type="power_in"/>
      </pins>
    </libpart>
    <libpart lib="KiCad-FGE-lib" part="LM2660">
      <description>Switched-capacitor Inverting power supply</description>
      <docs>Docs/lm2660_inv_PSU.pdf</docs>
      <fields>
        <field name="Reference">U</field>
        <field name="Value">LM2660</field>
      </fields>
      <pins>
        <pin num="1" name="FC" type="input"/>
        <pin num="2" name="CAP+" type="input"/>
        <pin num="3" name="GND" type="power_in"/>
        <pin num="4" name="CAP-" type="input"/>
        <pin num="5" name="OUT" type="power_out"/>
        <pin num="6" name="LV" type="power_in"/>
        <pin num="7" name="OSC" type="input"/>
        <pin num="8" name="V+" type="power_in"/>
      </pins>
    </libpart>
    <libpart lib="KiCad-FGE-lib" part="LM3668">
      <description>1A Buck-Boost regulator</description>
      <docs>Docs/lm3668.pdf</docs>
      <fields>
        <field name="Reference">U</field>
        <field name="Value">LM3668</field>
      </fields>
      <pins>
        <pin num="1" name="VOUT" type="power_out"/>
        <pin num="2" name="SW2" type="input"/>
        <pin num="3" name="PGND" type="power_in"/>
        <pin num="4" name="SW1" type="input"/>
        <pin num="5" name="PVin" type="power_in"/>
        <pin num="6" name="EN" type="input"/>
        <pin num="7" name="VDD" type="power_in"/>
        <pin num="8" name="NC" type="input"/>
        <pin num="9" name="SGND" type="power_in"/>
        <pin num="10" name="SYNC/MODE" type="input"/>
        <pin num="11" name="VSEL" type="input"/>
        <pin num="12" name="FB" type="input"/>
      </pins>
    </libpart>
    <libpart lib="KiCad-FGE-lib" part="LTC-4727JR">
      <description>10mm 4-digit 7-segment common anode Super-Red</description>
      <docs>Docs/S_110_C4727JR.pdf</docs>
      <fields>
        <field name="Reference">U</field>
        <field name="Value">LTC-4727JR</field>
      </fields>
      <pins>
        <pin num="1" name="AN1" type="input"/>
        <pin num="2" name="AN2" type="input"/>
        <pin num="3" name="D" type="input"/>
        <pin num="5" name="E" type="input"/>
        <pin num="6" name="AN3" type="input"/>
        <pin num="7" name="DP" type="input"/>
        <pin num="8" name="AN4" type="input"/>
        <pin num="11" name="F" type="input"/>
        <pin num="13" name="C" type="input"/>
        <pin num="14" name="A" type="input"/>
        <pin num="15" name="G" type="input"/>
        <pin num="16" name="B" type="input"/>
      </pins>
    </libpart>
    <libpart lib="KiCad-FGE-lib" part="MCP4017">
      <description>Digital pot I2C 128 steps</description>
      <docs>Docs/22147a_digital_pot.pdf</docs>
      <fields>
        <field name="Reference">U</field>
        <field name="Value">MCP4017</field>
      </fields>
      <pins>
        <pin num="1" name="VDD" type="power_in"/>
        <pin num="2" name="VSS" type="power_in"/>
        <pin num="3" name="SCL" type="input"/>
        <pin num="4" name="SDA" type="BiDi"/>
        <pin num="5" name="B" type="BiDi"/>
        <pin num="6" name="w" type="BiDi"/>
      </pins>
    </libpart>
    <libpart lib="KiCad-FGE-lib" part="OSC-TC25">
      <description>TC25 16MHz Crystal-driven Oscillator</description>
      <docs>Docs/Model TC25.pdf</docs>
      <fields>
        <field name="Reference">U</field>
        <field name="Value">OSC-TC25</field>
      </fields>
      <pins>
        <pin num="1" name="EN" type="input"/>
        <pin num="2" name="GND" type="power_in"/>
        <pin num="3" name="OUT" type="output"/>
        <pin num="4" name="VCC" type="power_in"/>
      </pins>
    </libpart>
    <libpart lib="KiCad-FGE-lib" part="SI4713">
      <description>FM Digital/Analog Audio Transmitter w/ RDS</description>
      <docs>Docs/Si4712-13-B30.pdf</docs>
      <fields>
        <field name="Reference">U</field>
        <field name="Value">SI4713</field>
      </fields>
      <pins>
        <pin num="3" name="RFGND" type="power_in"/>
        <pin num="4" name="TXO" type="output"/>
        <pin num="5" name="~RST" type="input"/>
        <pin num="6" name="~SEN" type="input"/>
        <pin num="7" name="SCLK" type="input"/>
        <pin num="8" name="SDIO" type="BiDi"/>
        <pin num="9" name="RCLK" type="BiDi"/>
        <pin num="10" name="VIO" type="power_in"/>
        <pin num="11" name="VDD" type="power_in"/>
        <pin num="12" name="GND" type="power_in"/>
        <pin num="13" name="DIN" type="input"/>
        <pin num="14" name="DFS" type="input"/>
        <pin num="15" name="RIN" type="input"/>
        <pin num="16" name="LIN" type="input"/>
        <pin num="17" name="GPO3/DCLK" type="BiDi"/>
        <pin num="18" name="GPO2/INT" type="BiDi"/>
        <pin num="19" name="GPO1" type="output"/>
      </pins>
    </libpart>
    <libpart lib="KiCad-FGE-lib" part="TLC59282">
      <description>16-output serial LED driver (30mA)</description>
      <docs>Docs/tlc59282.pdf</docs>
      <fields>
        <field name="Reference">U</field>
        <field name="Value">TLC59282</field>
      </fields>
      <pins>
        <pin num="1" name="GND" type="power_in"/>
        <pin num="2" name="SIN" type="input"/>
        <pin num="3" name="SCLK" type="input"/>
        <pin num="4" name="LATCH" type="input"/>
        <pin num="5" name="OUT0" type="BiDi"/>
        <pin num="6" name="OUT1" type="BiDi"/>
        <pin num="7" name="OUT2" type="BiDi"/>
        <pin num="8" name="OUT3" type="BiDi"/>
        <pin num="9" name="OUT4" type="BiDi"/>
        <pin num="10" name="OUT5" type="BiDi"/>
        <pin num="11" name="OUT6" type="BiDi"/>
        <pin num="12" name="OUT7" type="BiDi"/>
        <pin num="13" name="OUT8" type="BiDi"/>
        <pin num="14" name="OUT9" type="BiDi"/>
        <pin num="15" name="OUT10" type="BiDi"/>
        <pin num="16" name="OUT11" type="BiDi"/>
        <pin num="17" name="OUT12" type="BiDi"/>
        <pin num="18" name="OUT13" type="BiDi"/>
        <pin num="19" name="OUT14" type="BiDi"/>
        <pin num="20" name="OUT15" type="BiDi"/>
        <pin num="21" name="BLANK" type="input"/>
        <pin num="22" name="SOUT" type="output"/>
        <pin num="23" name="IREF" type="input"/>
        <pin num="24" name="VCC" type="power_in"/>
      </pins>
    </libpart>
    <libpart lib="GuitarFM-cache" part="BATTERY">
      <fields>
        <field name="Reference">BT</field>
        <field name="Value">BATTERY</field>
      </fields>
      <pins>
        <pin num="1" name="+" type="passive"/>
        <pin num="2" name="-" type="passive"/>
      </pins>
    </libpart>
    <libpart lib="GuitarFM-cache" part="CONNECTOR">
      <fields>
        <field name="Reference">P</field>
        <field name="Value">CONNECTOR</field>
      </fields>
      <pins>
        <pin num="1" name="W" type="passive"/>
      </pins>
    </libpart>
    <libpart lib="GuitarFM-cache" part="CONN_1">
      <fields>
        <field name="Reference">P</field>
        <field name="Value">CONN_1</field>
      </fields>
      <pins>
        <pin num="1" name="1" type="passive"/>
      </pins>
    </libpart>
    <libpart lib="GuitarFM-cache" part="CONN_2">
      <fields>
        <field name="Reference">P</field>
        <field name="Value">CONN_2</field>
      </fields>
      <pins>
        <pin num="1" name="P1" type="passive"/>
        <pin num="2" name="PM" type="passive"/>
      </pins>
    </libpart>
    <libpart lib="GuitarFM-cache" part="CP">
      <aliases>
        <alias>CAPAPOL</alias>
      </aliases>
      <footprints>
        <fp>CP*</fp>
        <fp>SM*</fp>
      </footprints>
      <fields>
        <field name="Reference">C</field>
        <field name="Value">CP</field>
      </fields>
      <pins>
        <pin num="1" name="~" type="passive"/>
        <pin num="2" name="~" type="passive"/>
      </pins>
    </libpart>
    <libpart lib="GuitarFM-cache" part="DIODE">
      <footprints>
        <fp>D?</fp>
        <fp>S*</fp>
      </footprints>
      <fields>
        <field name="Reference">D</field>
        <field name="Value">DIODE</field>
      </fields>
      <pins>
        <pin num="1" name="A" type="passive"/>
        <pin num="2" name="K" type="passive"/>
      </pins>
    </libpart>
    <libpart lib="GuitarFM-cache" part="MOS_N">
      <aliases>
        <alias>MOSFET_N</alias>
      </aliases>
      <fields>
        <field name="Reference">Q</field>
        <field name="Value">MOS_N</field>
      </fields>
      <pins>
        <pin num="D" name="D" type="passive"/>
        <pin num="G" name="G" type="input"/>
        <pin num="S" name="S" type="passive"/>
      </pins>
    </libpart>
    <libpart lib="GuitarFM-cache" part="MOS_P">
      <aliases>
        <alias>MOSFET_P</alias>
      </aliases>
      <fields>
        <field name="Reference">Q</field>
        <field name="Value">MOS_P</field>
      </fields>
      <pins>
        <pin num="D" name="D" type="passive"/>
        <pin num="G" name="G" type="input"/>
        <pin num="S" name="S" type="passive"/>
      </pins>
    </libpart>
    <libpart lib="conn" part="USB">
      <fields>
        <field name="Reference">J</field>
        <field name="Value">USB</field>
      </fields>
      <pins>
        <pin num="1" name="Vbus" type="power_out"/>
        <pin num="2" name="D-" type="BiDi"/>
        <pin num="3" name="D+" type="BiDi"/>
        <pin num="4" name="GND" type="power_in"/>
        <pin num="5" name="Shield_1" type="passive"/>
        <pin num="6" name="Shield_2" type="passive"/>
      </pins>
    </libpart>
    <libpart lib="device" part="SPST">
      <description>Interrupteur simple</description>
      <fields>
        <field name="Reference">SW</field>
        <field name="Value">SPST</field>
      </fields>
      <pins>
        <pin num="1" name="1" type="input"/>
        <pin num="2" name="2" type="input"/>
      </pins>
    </libpart>
    <libpart lib="device" part="C">
      <description>Unpolarized capacitor</description>
      <footprints>
        <fp>C?</fp>
        <fp>C_????_*</fp>
        <fp>C_????</fp>
        <fp>SMD*_c</fp>
        <fp>Capacitor*</fp>
      </footprints>
      <fields>
        <field name="Reference">C</field>
        <field name="Value">C</field>
      </fields>
      <pins>
        <pin num="1" name="~" type="passive"/>
        <pin num="2" name="~" type="passive"/>
      </pins>
    </libpart>
    <libpart lib="device" part="SW_PUSH">
      <description>Push Button</description>
      <fields>
        <field name="Reference">SW</field>
        <field name="Value">SW_PUSH</field>
      </fields>
      <pins>
        <pin num="1" name="1" type="passive"/>
        <pin num="2" name="2" type="passive"/>
      </pins>
    </libpart>
    <libpart lib="device" part="CRYSTAL_SMD">
      <fields>
        <field name="Reference">X</field>
        <field name="Value">CRYSTAL_SMD</field>
      </fields>
      <pins>
        <pin num="1" name="1" type="passive"/>
        <pin num="2" name="2" type="passive"/>
        <pin num="3" name="case" type="passive"/>
      </pins>
    </libpart>
    <libpart lib="device" part="R">
      <description>Resistor</description>
      <footprints>
        <fp>R_*</fp>
        <fp>Resistor_*</fp>
      </footprints>
      <fields>
        <field name="Reference">R</field>
        <field name="Value">R</field>
      </fields>
      <pins>
        <pin num="1" name="~" type="passive"/>
        <pin num="2" name="~" type="passive"/>
      </pins>
    </libpart>
    <libpart lib="device" part="LED">
      <footprints>
        <fp>LED-3MM</fp>
        <fp>LED-5MM</fp>
        <fp>LED-10MM</fp>
        <fp>LED-0603</fp>
        <fp>LED-0805</fp>
        <fp>LED-1206</fp>
        <fp>LEDV</fp>
      </footprints>
      <fields>
        <field name="Reference">D</field>
        <field name="Value">LED</field>
      </fields>
      <pins>
        <pin num="1" name="A" type="passive"/>
        <pin num="2" name="K" type="passive"/>
      </pins>
    </libpart>
    <libpart lib="device" part="PHOTORESISTOR">
      <description>Photo resistor</description>
      <fields>
        <field name="Reference">U</field>
        <field name="Value">PHOTORESISTOR</field>
      </fields>
      <pins>
        <pin num="1" name="A" type="input"/>
        <pin num="2" name="K" type="input"/>
        <pin num="3" name="Rh" type="passive"/>
        <pin num="4" name="Rl" type="passive"/>
      </pins>
    </libpart>
    <libpart lib="cmos4000" part="4052">
      <description>Dual Analog Multiplexer 4 to 1 line</description>
      <fields>
        <field name="Reference">U</field>
        <field name="Value">4052</field>
      </fields>
      <pins>
        <pin num="1" name="Y0" type="passive"/>
        <pin num="2" name="Y2" type="passive"/>
        <pin num="3" name="Y" type="passive"/>
        <pin num="4" name="Y3" type="passive"/>
        <pin num="5" name="Y1" type="passive"/>
        <pin num="6" name="Inh" type="input"/>
        <pin num="7" name="VEE" type="power_in"/>
        <pin num="8" name="VSS" type="power_in"/>
        <pin num="9" name="B" type="input"/>
        <pin num="10" name="A" type="input"/>
        <pin num="11" name="X3" type="passive"/>
        <pin num="12" name="X0" type="passive"/>
        <pin num="13" name="X" type="passive"/>
        <pin num="14" name="X1" type="passive"/>
        <pin num="15" name="X2" type="passive"/>
        <pin num="16" name="VDD" type="power_in"/>
      </pins>
    </libpart>
  </libparts>
  <libraries>
    <library logical="atmel">
      <uri>/usr/local/share/kicad/library/atmel.lib</uri>
    </library>
    <library logical="KiCad-FGE-lib">
      <uri>/home/john/Dropbox/Personal/a1rstudios/projects/Hardware/GuitarFM/v2/KiCad/KiCad-FGE-lib.lib</uri>
    </library>
    <library logical="GuitarFM-cache">
      <uri>/home/john/Dropbox/Personal/a1rstudios/projects/Hardware/GuitarFM/v2/KiCad/GuitarFM-cache.lib</uri>
    </library>
    <library logical="cmos4000">
      <uri>/usr/local/share/kicad/library/cmos4000.lib</uri>
    </library>
    <library logical="conn">
      <uri>/usr/local/share/kicad/library/conn.lib</uri>
    </library>
    <library logical="device">
      <uri>/usr/local/share/kicad/library/device.lib</uri>
    </library>
  </libraries>
  <nets>
    <net code="1" name="RCLK">
      <node ref="U13" pin="3"/>
      <node ref="U12" pin="9"/>
    </net>
    <net code="2" name="Net-(C26-Pad1)">
      <node ref="C26" pin="1"/>
      <node ref="U12" pin="16"/>
    </net>
    <net code="3" name="Net-(C25-Pad1)">
      <node ref="C25" pin="1"/>
      <node ref="U12" pin="15"/>
    </net>
    <net code="4" name="Net-(C1-Pad2)">
      <node ref="C1" pin="2"/>
      <node ref="U2" pin="3"/>
    </net>
    <net code="5" name="Net-(R3-Pad2)">
      <node ref="U2" pin="2"/>
      <node ref="R3" pin="2"/>
      <node ref="U6" pin="3"/>
    </net>
    <net code="6" name="AMP-IN">
      <node ref="C3" pin="2"/>
      <node ref="C1" pin="1"/>
    </net>
    <net code="7" name="Net-(C4-Pad1)">
      <node ref="U6" pin="4"/>
      <node ref="U2" pin="1"/>
      <node ref="C4" pin="1"/>
    </net>
    <net code="8" name="Net-(R9-Pad2)">
      <node ref="U4" pin="6"/>
      <node ref="R9" pin="2"/>
    </net>
    <net code="9" name="Net-(L2-Pad1)">
      <node ref="L2" pin="1"/>
      <node ref="P2" pin="1"/>
      <node ref="U12" pin="4"/>
    </net>
    <net code="10" name="Net-(U1-Pad13)">
      <node ref="U1" pin="14"/>
      <node ref="U7" pin="5"/>
      <node ref="U1" pin="13"/>
    </net>
    <net code="11" name="Net-(U1-Pad15)">
      <node ref="U1" pin="16"/>
      <node ref="U1" pin="15"/>
      <node ref="U7" pin="11"/>
    </net>
    <net code="12" name="Net-(U1-Pad17)">
      <node ref="U7" pin="15"/>
      <node ref="U1" pin="17"/>
      <node ref="U1" pin="18"/>
    </net>
    <net code="13" name="Net-(U1-Pad19)">
      <node ref="U1" pin="19"/>
      <node ref="U1" pin="20"/>
      <node ref="U7" pin="7"/>
    </net>
    <net code="14" name="Net-(Q4-PadD)">
      <node ref="Q4" pin="D"/>
      <node ref="U7" pin="8"/>
    </net>
    <net code="15" name="Net-(Q3-PadD)">
      <node ref="Q3" pin="D"/>
      <node ref="U7" pin="6"/>
    </net>
    <net code="16" name="Net-(Q2-PadD)">
      <node ref="Q2" pin="D"/>
      <node ref="U7" pin="2"/>
    </net>
    <net code="17" name="Net-(Q1-PadD)">
      <node ref="U7" pin="1"/>
      <node ref="Q1" pin="D"/>
    </net>
    <net code="18" name="Net-(C3-Pad1)">
      <node ref="D2" pin="1"/>
      <node ref="D1" pin="2"/>
      <node ref="C3" pin="1"/>
      <node ref="P1" pin="2"/>
    </net>
    <net code="19" name="GND">
      <node ref="C7" pin="2"/>
      <node ref="C10" pin="2"/>
      <node ref="C23" pin="2"/>
      <node ref="U12" pin="17"/>
      <node ref="R2" pin="1"/>
      <node ref="C19" pin="2"/>
      <node ref="ISP1" pin="6"/>
      <node ref="CN1" pin="1"/>
      <node ref="C24" pin="2"/>
      <node ref="U10" pin="3"/>
      <node ref="U10" pin="6"/>
      <node ref="R7" pin="2"/>
      <node ref="C18" pin="1"/>
      <node ref="IC1" pin="8"/>
      <node ref="IC1" pin="22"/>
      <node ref="U5" pin="6"/>
      <node ref="P1" pin="1"/>
      <node ref="R3" pin="1"/>
      <node ref="U4" pin="2"/>
      <node ref="U5" pin="8"/>
      <node ref="U5" pin="9"/>
      <node ref="R16" pin="2"/>
      <node ref="C20" pin="2"/>
      <node ref="C12" pin="2"/>
      <node ref="R26" pin="2"/>
      <node ref="C8" pin="2"/>
      <node ref="R_LIM_ADJ1" pin="2"/>
      <node ref="L2" pin="2"/>
      <node ref="U12" pin="18"/>
      <node ref="U13" pin="2"/>
      <node ref="U1" pin="1"/>
      <node ref="U12" pin="3"/>
      <node ref="U12" pin="6"/>
      <node ref="U12" pin="12"/>
      <node ref="U12" pin="13"/>
      <node ref="U12" pin="14"/>
      <node ref="C_OSC1" pin="2"/>
      <node ref="C15" pin="2"/>
      <node ref="D1" pin="1"/>
      <node ref="D2" pin="2"/>
      <node ref="U8" pin="9"/>
      <node ref="CN1" pin="2"/>
      <node ref="C14" pin="2"/>
      <node ref="U3" pin="4"/>
      <node ref="U3" pin="8"/>
      <node ref="C6" pin="2"/>
      <node ref="U8" pin="8"/>
      <node ref="C2" pin="2"/>
      <node ref="U8" pin="10"/>
      <node ref="U8" pin="3"/>
      <node ref="R5" pin="2"/>
      <node ref="R4" pin="2"/>
      <node ref="C5" pin="2"/>
      <node ref="C9" pin="2"/>
      <node ref="BT1" pin="2"/>
      <node ref="SW-C1" pin="1"/>
      <node ref="SW-A1" pin="1"/>
      <node ref="SW-B1" pin="1"/>
      <node ref="U6" pin="2"/>
      <node ref="C_FM1" pin="2"/>
      <node ref="D6" pin="2"/>
      <node ref="D5" pin="1"/>
      <node ref="U11" pin="5"/>
      <node ref="U3" pin="14"/>
      <node ref="J1" pin="6"/>
      <node ref="J1" pin="5"/>
      <node ref="J1" pin="4"/>
    </net>
    <net code="20" name="VCC">
      <node ref="U11" pin="8"/>
      <node ref="R12" pin="1"/>
      <node ref="U8" pin="1"/>
      <node ref="U10" pin="8"/>
      <node ref="C10" pin="1"/>
      <node ref="IC1" pin="7"/>
      <node ref="R32" pin="1"/>
      <node ref="U8" pin="12"/>
      <node ref="R1" pin="1"/>
      <node ref="Q1" pin="S"/>
      <node ref="Q2" pin="S"/>
      <node ref="Q3" pin="S"/>
      <node ref="Q4" pin="S"/>
      <node ref="IC1" pin="20"/>
      <node ref="R38" pin="1"/>
      <node ref="U8" pin="11"/>
      <node ref="ISP1" pin="2"/>
      <node ref="R30" pin="1"/>
      <node ref="R39" pin="1"/>
      <node ref="R40" pin="1"/>
      <node ref="U1" pin="24"/>
      <node ref="R31" pin="1"/>
      <node ref="C19" pin="1"/>
      <node ref="U5" pin="16"/>
      <node ref="CN1" pin="3"/>
      <node ref="R37" pin="1"/>
      <node ref="U2" pin="8"/>
      <node ref="U12" pin="10"/>
      <node ref="U12" pin="11"/>
      <node ref="C_OSC1" pin="1"/>
      <node ref="U4" pin="1"/>
      <node ref="R20" pin="1"/>
      <node ref="R21" pin="1"/>
      <node ref="U12" pin="19"/>
      <node ref="R9" pin="1"/>
      <node ref="R33" pin="1"/>
      <node ref="R10" pin="1"/>
      <node ref="U13" pin="4"/>
      <node ref="U13" pin="1"/>
      <node ref="C_FM1" pin="1"/>
      <node ref="R14" pin="1"/>
    </net>
    <net code="21" name="Net-(J1-Pad2)">
      <node ref="J1" pin="2"/>
    </net>
    <net code="22" name="BATTSENSE">
      <node ref="U3" pin="1"/>
      <node ref="P3" pin="1"/>
    </net>
    <net code="23" name="VEE">
      <node ref="U10" pin="5"/>
      <node ref="U5" pin="7"/>
      <node ref="U11" pin="4"/>
      <node ref="U2" pin="4"/>
      <node ref="C18" pin="2"/>
    </net>
    <net code="24" name="~SS">
      <node ref="R36" pin="2"/>
      <node ref="IC1" pin="16"/>
    </net>
    <net code="25" name="USB-VCC">
      <node ref="J1" pin="1"/>
      <node ref="U3" pin="13"/>
      <node ref="C2" pin="1"/>
    </net>
    <net code="26" name="Net-(J1-Pad3)">
      <node ref="J1" pin="3"/>
    </net>
    <net code="27" name="Net-(C16-Pad2)">
      <node ref="C16" pin="2"/>
      <node ref="R24" pin="2"/>
      <node ref="C17" pin="1"/>
    </net>
    <net code="28" name="Net-(C21-Pad2)">
      <node ref="C21" pin="2"/>
      <node ref="R29" pin="1"/>
    </net>
    <net code="29" name="Net-(R19-Pad1)">
      <node ref="U11" pin="2"/>
      <node ref="R19" pin="1"/>
      <node ref="R22" pin="1"/>
    </net>
    <net code="30" name="Net-(C17-Pad2)">
      <node ref="R25" pin="1"/>
      <node ref="C17" pin="2"/>
      <node ref="Q5" pin="G"/>
    </net>
    <net code="31" name="Net-(C16-Pad1)">
      <node ref="D7" pin="1"/>
      <node ref="R23" pin="2"/>
      <node ref="R22" pin="2"/>
      <node ref="C16" pin="1"/>
      <node ref="R24" pin="1"/>
      <node ref="U11" pin="1"/>
      <node ref="C21" pin="1"/>
    </net>
    <net code="32" name="Net-(U4-Pad5)">
      <node ref="U6" pin="1"/>
      <node ref="U4" pin="5"/>
    </net>
    <net code="33" name="Net-(R23-Pad1)">
      <node ref="R23" pin="1"/>
      <node ref="R28" pin="1"/>
      <node ref="U11" pin="6"/>
    </net>
    <net code="34" name="Net-(D8-Pad1)">
      <node ref="D8" pin="1"/>
      <node ref="U11" pin="7"/>
      <node ref="R28" pin="2"/>
    </net>
    <net code="35" name="Net-(D4-Pad2)">
      <node ref="D4" pin="2"/>
      <node ref="U3" pin="9"/>
    </net>
    <net code="36" name="XTAL2">
      <node ref="IC1" pin="10"/>
      <node ref="C24" pin="1"/>
      <node ref="X1" pin="1"/>
      <node ref="R34" pin="2"/>
    </net>
    <net code="37" name="XTAL1">
      <node ref="IC1" pin="9"/>
      <node ref="X1" pin="2"/>
      <node ref="C23" pin="1"/>
      <node ref="R34" pin="1"/>
    </net>
    <net code="38" name="Net-(D7-Pad2)">
      <node ref="R27" pin="1"/>
      <node ref="D7" pin="2"/>
      <node ref="D8" pin="2"/>
    </net>
    <net code="39" name="CV_OUT">
      <node ref="R27" pin="2"/>
      <node ref="C20" pin="1"/>
      <node ref="R26" pin="1"/>
      <node ref="R25" pin="2"/>
    </net>
    <net code="40" name="Net-(R13-Pad2)">
      <node ref="R17" pin="1"/>
      <node ref="R13" pin="2"/>
      <node ref="R16" pin="1"/>
    </net>
    <net code="41" name="Net-(C11-Pad1)">
      <node ref="Q5" pin="D"/>
      <node ref="C11" pin="1"/>
      <node ref="R18" pin="2"/>
    </net>
    <net code="42" name="LIM-IN">
      <node ref="U5" pin="14"/>
      <node ref="U5" pin="1"/>
      <node ref="R13" pin="1"/>
    </net>
    <net code="43" name="Net-(C11-Pad2)">
      <node ref="R17" pin="2"/>
      <node ref="U11" pin="3"/>
      <node ref="C11" pin="2"/>
    </net>
    <net code="44" name="Net-(C12-Pad1)">
      <node ref="R19" pin="2"/>
      <node ref="C12" pin="1"/>
    </net>
    <net code="45" name="Net-(Q5-PadS)">
      <node ref="R_LIM_ADJ1" pin="1"/>
      <node ref="Q5" pin="S"/>
    </net>
    <net code="46" name="Net-(BT1-Pad1)">
      <node ref="BT1" pin="1"/>
      <node ref="SW1" pin="1"/>
    </net>
    <net code="47" name="Net-(C9-Pad1)">
      <node ref="R18" pin="1"/>
      <node ref="C9" pin="1"/>
      <node ref="R14" pin="2"/>
    </net>
    <net code="48" name="SCK">
      <node ref="IC1" pin="19"/>
      <node ref="ISP1" pin="3"/>
    </net>
    <net code="49" name="MISO">
      <node ref="IC1" pin="18"/>
      <node ref="ISP1" pin="1"/>
    </net>
    <net code="50" name="Net-(C14-Pad1)">
      <node ref="R12" pin="2"/>
      <node ref="C14" pin="1"/>
      <node ref="SW-A1" pin="2"/>
      <node ref="R15" pin="1"/>
    </net>
    <net code="51" name="DTR">
      <node ref="C22" pin="2"/>
      <node ref="CN1" pin="6"/>
    </net>
    <net code="52" name="RESET">
      <node ref="C22" pin="1"/>
      <node ref="ISP1" pin="5"/>
      <node ref="IC1" pin="1"/>
      <node ref="R32" pin="2"/>
    </net>
    <net code="53" name="MOSI">
      <node ref="ISP1" pin="4"/>
      <node ref="IC1" pin="17"/>
    </net>
    <net code="54" name="AMP-OUT">
      <node ref="C4" pin="2"/>
      <node ref="U5" pin="3"/>
    </net>
    <net code="55" name="Net-(C15-Pad1)">
      <node ref="R21" pin="2"/>
      <node ref="SW-C1" pin="2"/>
      <node ref="C15" pin="1"/>
      <node ref="R36" pin="1"/>
    </net>
    <net code="56" name="Net-(C8-Pad1)">
      <node ref="SW-B1" pin="2"/>
      <node ref="R35" pin="1"/>
      <node ref="C8" pin="1"/>
      <node ref="R20" pin="2"/>
    </net>
    <net code="57" name="LIM-OUT">
      <node ref="R29" pin="2"/>
      <node ref="C25" pin="2"/>
      <node ref="C26" pin="2"/>
    </net>
    <net code="58" name="FM-RST">
      <node ref="U12" pin="5"/>
      <node ref="R33" pin="2"/>
      <node ref="IC1" pin="15"/>
    </net>
    <net code="59" name="SW-B">
      <node ref="IC1" pin="5"/>
      <node ref="R35" pin="2"/>
    </net>
    <net code="60" name="BATT">
      <node ref="U3" pin="2"/>
      <node ref="SW1" pin="2"/>
      <node ref="U3" pin="3"/>
      <node ref="C6" pin="1"/>
    </net>
    <net code="61" name="Net-(D4-Pad1)">
      <node ref="D4" pin="1"/>
      <node ref="R8" pin="1"/>
    </net>
    <net code="62" name="Net-(D3-Pad1)">
      <node ref="R6" pin="1"/>
      <node ref="D3" pin="1"/>
    </net>
    <net code="63" name="Net-(D3-Pad2)">
      <node ref="D3" pin="2"/>
      <node ref="U3" pin="7"/>
    </net>
    <net code="64" name="Net-(L1-Pad2)">
      <node ref="U8" pin="2"/>
      <node ref="L1" pin="2"/>
    </net>
    <net code="65" name="Net-(R5-Pad1)">
      <node ref="R5" pin="1"/>
      <node ref="U3" pin="16"/>
    </net>
    <net code="66" name="Net-(R4-Pad1)">
      <node ref="R4" pin="1"/>
      <node ref="U3" pin="12"/>
    </net>
    <net code="67" name="Net-(U1-Pad7)">
      <node ref="U1" pin="7"/>
      <node ref="U1" pin="8"/>
      <node ref="U7" pin="16"/>
    </net>
    <net code="68" name="Net-(U1-Pad5)">
      <node ref="U7" pin="14"/>
      <node ref="U1" pin="5"/>
      <node ref="U1" pin="6"/>
    </net>
    <net code="69" name="Net-(U1-Pad10)">
      <node ref="U1" pin="9"/>
      <node ref="U1" pin="10"/>
      <node ref="U7" pin="13"/>
    </net>
    <net code="70" name="Net-(U1-Pad11)">
      <node ref="U1" pin="12"/>
      <node ref="U1" pin="11"/>
      <node ref="U7" pin="3"/>
    </net>
    <net code="71" name="Net-(R2-Pad2)">
      <node ref="R2" pin="2"/>
      <node ref="U1" pin="23"/>
    </net>
    <net code="72" name="SCL">
      <node ref="R30" pin="2"/>
      <node ref="U12" pin="7"/>
      <node ref="IC1" pin="28"/>
      <node ref="U4" pin="3"/>
    </net>
    <net code="73" name="SDA">
      <node ref="R31" pin="2"/>
      <node ref="U4" pin="4"/>
      <node ref="U12" pin="8"/>
      <node ref="IC1" pin="27"/>
    </net>
    <net code="74" name="DISP-CH4">
      <node ref="R40" pin="2"/>
      <node ref="IC1" pin="26"/>
      <node ref="Q4" pin="G"/>
    </net>
    <net code="75" name="DISP-CH3">
      <node ref="IC1" pin="25"/>
      <node ref="Q3" pin="G"/>
      <node ref="R39" pin="2"/>
    </net>
    <net code="76" name="DISP-CH2">
      <node ref="R38" pin="2"/>
      <node ref="IC1" pin="24"/>
      <node ref="Q2" pin="G"/>
    </net>
    <net code="77" name="DISP-CH1">
      <node ref="IC1" pin="23"/>
      <node ref="R37" pin="2"/>
      <node ref="Q1" pin="G"/>
    </net>
    <net code="78" name="TXO">
      <node ref="CN1" pin="5"/>
      <node ref="IC1" pin="3"/>
    </net>
    <net code="79" name="DISP-BLANK">
      <node ref="U1" pin="21"/>
      <node ref="R1" pin="2"/>
      <node ref="IC1" pin="14"/>
    </net>
    <net code="80" name="DISP-LATCH">
      <node ref="U1" pin="4"/>
      <node ref="IC1" pin="13"/>
    </net>
    <net code="81" name="DISP-CLK">
      <node ref="U1" pin="3"/>
      <node ref="IC1" pin="12"/>
    </net>
    <net code="82" name="DISP-DATA">
      <node ref="IC1" pin="11"/>
      <node ref="U1" pin="2"/>
    </net>
    <net code="83" name="BYP">
      <node ref="IC1" pin="6"/>
      <node ref="R10" pin="2"/>
      <node ref="U5" pin="10"/>
    </net>
    <net code="84" name="SW-A">
      <node ref="IC1" pin="4"/>
      <node ref="R15" pin="2"/>
    </net>
    <net code="85" name="RXI">
      <node ref="CN1" pin="4"/>
      <node ref="IC1" pin="2"/>
    </net>
    <net code="86" name="VRAW">
      <node ref="U8" pin="7"/>
      <node ref="U8" pin="6"/>
      <node ref="U8" pin="5"/>
      <node ref="R8" pin="2"/>
      <node ref="C5" pin="1"/>
      <node ref="C7" pin="1"/>
      <node ref="U3" pin="10"/>
      <node ref="R6" pin="2"/>
      <node ref="U3" pin="11"/>
      <node ref="U3" pin="5"/>
    </net>
    <net code="87" name="Net-(L1-Pad1)">
      <node ref="L1" pin="1"/>
      <node ref="U8" pin="4"/>
    </net>
    <net code="88" name="Net-(C13-Pad2)">
      <node ref="C13" pin="2"/>
      <node ref="U10" pin="4"/>
    </net>
    <net code="89" name="Net-(C13-Pad1)">
      <node ref="U10" pin="2"/>
      <node ref="C13" pin="1"/>
    </net>
    <net code="90" name="Net-(IC1-Pad21)">
      <node ref="IC1" pin="21"/>
    </net>
    <net code="91" name="Net-(U10-Pad7)">
      <node ref="U10" pin="7"/>
    </net>
    <net code="92" name="Net-(U10-Pad1)">
      <node ref="U10" pin="1"/>
    </net>
    <net code="93" name="Net-(X1-Pad3)">
      <node ref="X1" pin="3"/>
    </net>
    <net code="94" name="Net-(U1-Pad22)">
      <node ref="U1" pin="22"/>
    </net>
    <net code="95" name="Net-(U3-Pad15)">
      <node ref="U3" pin="15"/>
    </net>
    <net code="98" name="Net-(D5-Pad2)">
      <node ref="U5" pin="13"/>
      <node ref="U5" pin="5"/>
      <node ref="D5" pin="2"/>
      <node ref="D6" pin="1"/>
      <node ref="R7" pin="1"/>
    </net>
    <net code="99" name="Net-(U5-Pad15)">
      <node ref="U5" pin="15"/>
    </net>
    <net code="100" name="Net-(U5-Pad12)">
      <node ref="U5" pin="12"/>
    </net>
    <net code="101" name="Net-(U5-Pad11)">
      <node ref="U5" pin="11"/>
    </net>
    <net code="102" name="Net-(U5-Pad4)">
      <node ref="U5" pin="4"/>
    </net>
    <net code="103" name="Net-(U5-Pad2)">
      <node ref="U5" pin="2"/>
    </net>
  </nets>
</export>
